"Campaign Name","Ad Set Name","Ad Name","Time of Day (Viewer's Time Zone)",Day,Reach,Impressions,Frequency,"Result Type",Results,"Amount Spent (INR)","Cost per Result",Starts,Ends,"Result Rate","Clicks (All)","CTR (All)","CPM (Cost per 1,000 Impressions)","Reporting Starts","Reporting Ends"
"UCMAS Online Classes Ghana 01st Oct 2020","W + Parents + Intersts",Image,"20:00:00 - 20:59:59",2020-10-06,1152,1154,1.0017361111111,"On-Facebook Leads",1,98.8,98.8,2020-10-01,Ongoing,0.086655112651646,24,2.0797227,85.6152513,2020-10-06,2020-10-06
"UCMAS Online Classes Ghana 01st Oct 2020","W + Parents + Intersts",Image,"11:00:00 - 11:59:59",2020-10-06,534,536,1.0037453183521,,,47.97,,2020-10-01,Ongoing,,5,0.93283582,89.49626866,2020-10-06,2020-10-06
"UCMAS Online Classes Ghana 01st Oct 2020","W + Parents + Intersts",Image,"06:00:00 - 06:59:59",2020-10-06,884,888,1.0045248868778,,,80.38,,2020-10-01,Ongoing,,14,1.57657658,90.51801802,2020-10-06,2020-10-06
"UCMAS Online Classes Ghana 01st Oct 2020","W + Parents + Intersts",Image,"01:00:00 - 01:59:59",2020-10-06,144,144,1,,,11.87,,2020-10-01,Ongoing,,2,1.38888889,82.43055556,2020-10-06,2020-10-06
"UCMAS Online Classes Ghana 01st Oct 2020","W + Parents + Intersts",Image,"02:00:00 - 02:59:59",2020-10-06,149,149,1,,,15.24,,2020-10-01,Ongoing,,2,1.34228188,102.28187919,2020-10-06,2020-10-06
"UCMAS Online Classes Ghana 01st Oct 2020","W + Parents + Intersts",Image,"03:00:00 - 03:59:59",2020-10-06,163,164,1.0061349693252,,,17.28,,2020-10-01,Ongoing,,2,1.2195122,105.36585366,2020-10-06,2020-10-06
"UCMAS Online Classes Ghana 01st Oct 2020","W + Parents + Intersts",Image,"04:00:00 - 04:59:59",2020-10-06,189,192,1.015873015873,,,19.71,,2020-10-01,Ongoing,,7,3.64583333,102.65625,2020-10-06,2020-10-06
"UCMAS Online Classes Ghana 01st Oct 2020","W + Parents + Intersts",Image,"00:00:00 - 00:59:59",2020-10-06,192,194,1.0104166666667,,,21.12,,2020-10-01,Ongoing,,5,2.57731959,108.86597938,2020-10-06,2020-10-06
"UCMAS Online Classes Ghana 01st Oct 2020","W + Parents + Intersts",Image,"17:00:00 - 17:59:59",2020-10-06,237,238,1.0042194092827,,,18.13,,2020-10-01,Ongoing,,2,0.84033613,76.17647059,2020-10-06,2020-10-06
"UCMAS Online Classes Ghana 01st Oct 2020","W + Parents + Intersts",Image,"16:00:00 - 16:59:59",2020-10-06,435,435,1,,,31.52,,2020-10-01,Ongoing,,8,1.83908046,72.45977011,2020-10-06,2020-10-06
"UCMAS Online Classes Ghana 01st Oct 2020","W + Parents + Intersts",Image,"08:00:00 - 08:59:59",2020-10-06,498,514,1.0321285140562,"On-Facebook Leads",1,45.95,45.95,2020-10-01,Ongoing,0.19455252918288,11,2.14007782,89.39688716,2020-10-06,2020-10-06
"UCMAS Online Classes Ghana 01st Oct 2020","W + Parents + Intersts",Image,"05:00:00 - 05:59:59",2020-10-06,511,520,1.0176125244618,,,43.7,,2020-10-01,Ongoing,,13,2.5,84.03846154,2020-10-06,2020-10-06
"UCMAS Online Classes Ghana 01st Oct 2020","W + Parents + Intersts",Image,"23:00:00 - 23:59:59",2020-10-06,406,406,1,,,44.11,,2020-10-01,Ongoing,,7,1.72413793,108.6453202,2020-10-06,2020-10-06
"UCMAS Online Classes Ghana 01st Oct 2020","W + Parents + Intersts",Image,"18:00:00 - 18:59:59",2020-10-06,560,582,1.0392857142857,,,49.46,,2020-10-01,Ongoing,,5,0.85910653,84.98281787,2020-10-06,2020-10-06
"UCMAS Online Classes Ghana 01st Oct 2020","W + Parents + Intersts",Image,"10:00:00 - 10:59:59",2020-10-06,729,729,1,"On-Facebook Leads",1,64.12,64.12,2020-10-01,Ongoing,0.13717421124829,6,0.82304527,87.95610425,2020-10-06,2020-10-06
"UCMAS Online Classes Ghana 01st Oct 2020","W + Parents + Intersts",Image,"19:00:00 - 19:59:59",2020-10-06,577,596,1.0329289428076,,,52.68,,2020-10-01,Ongoing,,3,0.5033557,88.38926174,2020-10-06,2020-10-06
"UCMAS Online Classes Ghana 01st Oct 2020","W + Parents + Intersts",Image,"09:00:00 - 09:59:59",2020-10-06,770,777,1.0090909090909,,,69.18,,2020-10-01,Ongoing,,1,0.12870013,89.03474903,2020-10-06,2020-10-06
"UCMAS Online Classes Ghana 01st Oct 2020","W + Parents + Intersts",Image,"12:00:00 - 12:59:59",2020-10-06,751,754,1.0039946737683,,,60.75,,2020-10-01,Ongoing,,5,0.66312997,80.57029178,2020-10-06,2020-10-06
"UCMAS Online Classes Ghana 01st Oct 2020","W + Parents + Intersts",Image,"13:00:00 - 13:59:59",2020-10-06,726,729,1.004132231405,,,55.42,,2020-10-01,Ongoing,,10,1.37174211,76.02194787,2020-10-06,2020-10-06
"UCMAS Online Classes Ghana 01st Oct 2020","W + Parents + Intersts",Image,"21:00:00 - 21:59:59",2020-10-06,860,860,1,,,80.8,,2020-10-01,Ongoing,,10,1.1627907,93.95348837,2020-10-06,2020-10-06
"UCMAS Online Classes Ghana 01st Oct 2020","W + Parents + Intersts",Image,"14:00:00 - 14:59:59",2020-10-06,690,698,1.0115942028986,,,63.56,,2020-10-01,Ongoing,,5,0.71633238,91.06017192,2020-10-06,2020-10-06
"UCMAS Online Classes Ghana 01st Oct 2020","W + Parents + Intersts",Image,"07:00:00 - 07:59:59",2020-10-06,639,648,1.0140845070423,,,61.89,,2020-10-01,Ongoing,,7,1.08024691,95.50925926,2020-10-06,2020-10-06
"UCMAS Online Classes Ghana 01st Oct 2020","W + Parents + Intersts",Image,"22:00:00 - 22:59:59",2020-10-06,619,619,1,"On-Facebook Leads",1,57.69,57.69,2020-10-01,Ongoing,0.16155088852989,8,1.29240711,93.19870759,2020-10-06,2020-10-06
"UCMAS Online Classes Ghana 01st Oct 2020","W + Parents + Intersts",Image,"15:00:00 - 15:59:59",2020-10-06,611,619,1.013093289689,"On-Facebook Leads",1,52.61,52.61,2020-10-01,Ongoing,0.16155088852989,11,1.77705977,84.99192246,2020-10-06,2020-10-06
"UCMAS Online Classes Ghana 01st Oct 2020","W + Parents + Intersts",Image,"15:00:00 - 15:59:59",2020-10-05,559,562,1.005366726297,,,53.062768227468,,2020-10-01,Ongoing,,5,0.88967972,94.41773706,2020-10-05,2020-10-05
"UCMAS Online Classes Ghana 01st Oct 2020","W + Parents + Intersts",Image,"21:00:00 - 21:59:59",2020-10-05,1148,1149,1.0008710801394,,,89.334660493022,,2020-10-01,Ongoing,,19,1.65361184,77.7499221,2020-10-05,2020-10-05
"UCMAS Online Classes Ghana 01st Oct 2020","W + Parents + Intersts",Image,"20:00:00 - 20:59:59",2020-10-05,1043,1047,1.0038350910834,,,87.424560845181,,2020-10-01,Ongoing,,13,1.24164279,83.50005811,2020-10-05,2020-10-05
"UCMAS Online Classes Ghana 01st Oct 2020","W + Parents + Intersts",Image,"22:00:00 - 22:59:59",2020-10-05,838,859,1.0250596658711,"On-Facebook Leads",2,64.313355158471,32.156677579236,2020-10-01,Ongoing,0.23282887077998,24,2.79394645,74.87002929,2020-10-05,2020-10-05
"UCMAS Online Classes Ghana 01st Oct 2020","W + Parents + Intersts",Image,"18:00:00 - 18:59:59",2020-10-05,763,781,1.0235910878113,"On-Facebook Leads",1,62.313250815182,62.313250815182,2020-10-01,Ongoing,0.1280409731114,17,2.17669654,79.78649272,2020-10-05,2020-10-05
"UCMAS Online Classes Ghana 01st Oct 2020","W + Parents + Intersts",Image,"17:00:00 - 17:59:59",2020-10-05,759,763,1.0052700922266,,,67.27350958654,,2020-10-01,Ongoing,,5,0.65530799,88.16973733,2020-10-05,2020-10-05
"UCMAS Online Classes Ghana 01st Oct 2020","W + Parents + Intersts",Image,"16:00:00 - 16:59:59",2020-10-05,740,740,1,,,62.163242989435,,2020-10-01,Ongoing,,14,1.89189189,84.00438242,2020-10-05,2020-10-05
"UCMAS Online Classes Ghana 01st Oct 2020","W + Parents + Intersts",Image,"19:00:00 - 19:59:59",2020-10-05,643,644,1.0015552099533,"On-Facebook Leads",1,53.822807877918,53.822807877918,2020-10-01,Ongoing,0.15527950310559,10,1.55279503,83.57578863,2020-10-05,2020-10-05
"UCMAS Online Classes Ghana 01st Oct 2020","W + Parents + Intersts",Image,"09:00:00 - 09:59:59",2020-10-05,617,617,1,,,50.582638841789,,2020-10-01,Ongoing,,7,1.13452188,81.98158645,2020-10-05,2020-10-05
"UCMAS Online Classes Ghana 01st Oct 2020","W + Parents + Intersts",Image,"06:00:00 - 06:59:59",2020-10-05,587,593,1.0102214650767,,,53.662799530455,,2020-10-01,Ongoing,,7,1.18043845,90.49375975,2020-10-05,2020-10-05
"UCMAS Online Classes Ghana 01st Oct 2020","W + Parents + Intersts",Image,"10:00:00 - 10:59:59",2020-10-05,582,582,1,,,61.403203338985,,2020-10-01,Ongoing,,5,0.85910653,105.50378581,2020-10-05,2020-10-05
"UCMAS Online Classes Ghana 01st Oct 2020","W + Parents + Intersts",Image,"11:00:00 - 11:59:59",2020-10-05,553,564,1.0198915009042,,,45.432370157819,,2020-10-01,Ongoing,,7,1.24113475,80.5538478,2020-10-05,2020-10-05
"UCMAS Online Classes Ghana 01st Oct 2020","W + Parents + Intersts",Image,"12:00:00 - 12:59:59",2020-10-05,521,529,1.0153550863724,,,45.572377461849,,2020-10-01,Ongoing,,3,0.56710775,86.14816155,2020-10-05,2020-10-05
"UCMAS Online Classes Ghana 01st Oct 2020","W + Parents + Intersts",Image,"13:00:00 - 13:59:59",2020-10-05,392,394,1.0051020408163,,,39.852079040042,,2020-10-01,Ongoing,,4,1.01522843,101.14740873,2020-10-05,2020-10-05
"UCMAS Online Classes Ghana 01st Oct 2020","W + Parents + Intersts",Image,"02:00:00 - 02:59:59",2020-10-05,139,139,1,,,13.780718925264,,2020-10-01,Ongoing,,2,1.43884892,99.14186277,2020-10-05,2020-10-05
"UCMAS Online Classes Ghana 01st Oct 2020","W + Parents + Intersts",Image,"01:00:00 - 01:59:59",2020-10-05,168,168,1,,,16.38085457154,,2020-10-01,Ongoing,,5,2.97619048,97.50508674,2020-10-05,2020-10-05
"UCMAS Online Classes Ghana 01st Oct 2020","W + Parents + Intersts",Image,"04:00:00 - 04:59:59",2020-10-05,218,219,1.0045871559633,"On-Facebook Leads",1,21.861140472153,21.861140472153,2020-10-01,Ongoing,0.45662100456621,5,2.28310502,99.82255923,2020-10-05,2020-10-05
"UCMAS Online Classes Ghana 01st Oct 2020","W + Parents + Intersts",Image,"00:00:00 - 00:59:59",2020-10-05,241,244,1.0124481327801,,,21.191105517151,,2020-10-01,Ongoing,,3,1.2295082,86.8487931,2020-10-05,2020-10-05
"UCMAS Online Classes Ghana 01st Oct 2020","W + Parents + Intersts",Image,"03:00:00 - 03:59:59",2020-10-05,146,146,1,,,17.610918742663,,2020-10-01,Ongoing,,3,2.05479452,120.62273111,2020-10-05,2020-10-05
"UCMAS Online Classes Ghana 01st Oct 2020","W + Parents + Intersts",Image,"14:00:00 - 14:59:59",2020-10-05,406,412,1.0147783251232,,,32.161677840094,,2020-10-01,Ongoing,,3,0.72815534,78.06232485,2020-10-05,2020-10-05
"UCMAS Online Classes Ghana 01st Oct 2020","W + Parents + Intersts",Image,"08:00:00 - 08:59:59",2020-10-05,464,473,1.0193965517241,,,50.062611712534,,2020-10-01,Ongoing,,8,1.69133192,105.84061673,2020-10-05,2020-10-05
"UCMAS Online Classes Ghana 01st Oct 2020","W + Parents + Intersts",Image,"05:00:00 - 05:59:59",2020-10-05,485,485,1,"On-Facebook Leads",1,48.092508934394,48.092508934394,2020-10-01,Ongoing,0.20618556701031,12,2.4742268,99.15981224,2020-10-05,2020-10-05
"UCMAS Online Classes Ghana 01st Oct 2020","W + Parents + Intersts",Image,"07:00:00 - 07:59:59",2020-10-05,517,517,1,"On-Facebook Leads",1,48.922552236859,48.922552236859,2020-10-01,Ongoing,0.19342359767892,9,1.74081238,94.62776061,2020-10-05,2020-10-05
"UCMAS Online Classes Ghana 01st Oct 2020","W + Parents + Intersts",Image,"23:00:00 - 23:59:59",2020-10-05,524,524,1,,,43.832286683188,,2020-10-01,Ongoing,,7,1.33587786,83.64940207,2020-10-05,2020-10-05
"UCMAS Online Classes Ghana 01st Oct 2020","W + Parents + Intersts",Image,"22:00:00 - 22:59:59",2020-10-04,684,684,1,"On-Facebook Leads",1,64.65,64.65,2020-10-01,Ongoing,0.14619883040936,17,2.48538012,94.51754386,2020-10-04,2020-10-04
"UCMAS Online Classes Ghana 01st Oct 2020","W + Parents + Intersts",Image,"20:00:00 - 20:59:59",2020-10-04,1017,1017,1,"On-Facebook Leads",2,85.04,42.52,2020-10-01,Ongoing,0.19665683382498,20,1.96656834,83.61848574,2020-10-04,2020-10-04
"UCMAS Online Classes Ghana 01st Oct 2020","W + Parents + Intersts",Image,"21:00:00 - 21:59:59",2020-10-04,935,935,1,,,79.39,,2020-10-01,Ongoing,,14,1.4973262,84.90909091,2020-10-04,2020-10-04
"UCMAS Online Classes Ghana 01st Oct 2020","W + Parents + Intersts",Image,"13:00:00 - 13:59:59",2020-10-04,878,896,1.0205011389522,,,66.06,,2020-10-01,Ongoing,,20,2.23214286,73.72767857,2020-10-04,2020-10-04
"UCMAS Online Classes Ghana 01st Oct 2020","W + Parents + Intersts",Image,"12:00:00 - 12:59:59",2020-10-04,860,870,1.0116279069767,,,71.53,,2020-10-01,Ongoing,,8,0.91954023,82.2183908,2020-10-04,2020-10-04
"UCMAS Online Classes Ghana 01st Oct 2020","W + Parents + Intersts",Image,"15:00:00 - 15:59:59",2020-10-04,779,783,1.00513478819,"On-Facebook Leads",2,69.95,34.975,2020-10-01,Ongoing,0.25542784163474,23,2.93742018,89.33588761,2020-10-04,2020-10-04
"UCMAS Online Classes Ghana 01st Oct 2020","W + Parents + Intersts",Image,"10:00:00 - 10:59:59",2020-10-04,750,765,1.02,,,65.57,,2020-10-01,Ongoing,,12,1.56862745,85.7124183,2020-10-04,2020-10-04
"UCMAS Online Classes Ghana 01st Oct 2020","W + Parents + Intersts",Image,"16:00:00 - 16:59:59",2020-10-04,753,756,1.003984063745,"On-Facebook Leads",1,60.12,60.12,2020-10-01,Ongoing,0.13227513227513,17,2.24867725,79.52380952,2020-10-04,2020-10-04
"UCMAS Online Classes Ghana 01st Oct 2020","W + Parents + Intersts",Image,"14:00:00 - 14:59:59",2020-10-04,744,748,1.005376344086,"On-Facebook Leads",2,61.89,30.945,2020-10-01,Ongoing,0.26737967914438,18,2.40641711,82.74064171,2020-10-04,2020-10-04
"UCMAS Online Classes Ghana 01st Oct 2020","W + Parents + Intersts",Image,"19:00:00 - 19:59:59",2020-10-04,717,731,1.0195258019526,"On-Facebook Leads",1,59.02,59.02,2020-10-01,Ongoing,0.13679890560876,10,1.36798906,80.73871409,2020-10-04,2020-10-04
"UCMAS Online Classes Ghana 01st Oct 2020","W + Parents + Intersts",Image,"11:00:00 - 11:59:59",2020-10-04,703,714,1.0156472261735,"On-Facebook Leads",1,57.59,57.59,2020-10-01,Ongoing,0.14005602240896,20,2.80112045,80.65826331,2020-10-04,2020-10-04
"UCMAS Online Classes Ghana 01st Oct 2020","W + Parents + Intersts",Image,"08:00:00 - 08:59:59",2020-10-04,470,471,1.0021276595745,,,46.74,,2020-10-01,Ongoing,,9,1.91082803,99.23566879,2020-10-04,2020-10-04
"UCMAS Online Classes Ghana 01st Oct 2020","W + Parents + Intersts",Image,"17:00:00 - 17:59:59",2020-10-04,651,651,1,,,55.68,,2020-10-01,Ongoing,,3,0.46082949,85.52995392,2020-10-04,2020-10-04
"UCMAS Online Classes Ghana 01st Oct 2020","W + Parents + Intersts",Image,"07:00:00 - 07:59:59",2020-10-04,648,648,1,"On-Facebook Leads",1,58.21,58.21,2020-10-01,Ongoing,0.15432098765432,10,1.54320988,89.83024691,2020-10-04,2020-10-04
"UCMAS Online Classes Ghana 01st Oct 2020","W + Parents + Intersts",Image,"06:00:00 - 06:59:59",2020-10-04,569,585,1.0281195079086,"On-Facebook Leads",1,65.96,65.96,2020-10-01,Ongoing,0.17094017094017,13,2.22222222,112.75213675,2020-10-04,2020-10-04
"UCMAS Online Classes Ghana 01st Oct 2020","W + Parents + Intersts",Image,"09:00:00 - 09:59:59",2020-10-04,563,563,1,,,49.79,,2020-10-01,Ongoing,,8,1.42095915,88.43694494,2020-10-04,2020-10-04
"UCMAS Online Classes Ghana 01st Oct 2020","W + Parents + Intersts",Image,"23:00:00 - 23:59:59",2020-10-04,509,509,1,"On-Facebook Leads",1,44.58,44.58,2020-10-01,Ongoing,0.19646365422397,14,2.75049116,87.58349705,2020-10-04,2020-10-04
"UCMAS Online Classes Ghana 01st Oct 2020","W + Parents + Intersts",Image,"05:00:00 - 05:59:59",2020-10-04,382,382,1,"On-Facebook Leads",1,40.76,40.76,2020-10-01,Ongoing,0.26178010471204,7,1.83246073,106.70157068,2020-10-04,2020-10-04
"UCMAS Online Classes Ghana 01st Oct 2020","W + Parents + Intersts",Image,"00:00:00 - 00:59:59",2020-10-04,341,345,1.0117302052786,"On-Facebook Leads",1,33.55,33.55,2020-10-01,Ongoing,0.28985507246377,11,3.1884058,97.24637681,2020-10-04,2020-10-04
"UCMAS Online Classes Ghana 01st Oct 2020","W + Parents + Intersts",Image,"18:00:00 - 18:59:59",2020-10-04,197,197,1,,,18.65,,2020-10-01,Ongoing,,1,0.50761421,94.67005076,2020-10-04,2020-10-04
"UCMAS Online Classes Ghana 01st Oct 2020","W + Parents + Intersts",Image,"04:00:00 - 04:59:59",2020-10-04,168,168,1,,,23.52,,2020-10-01,Ongoing,,5,2.97619048,140,2020-10-04,2020-10-04
"UCMAS Online Classes Ghana 01st Oct 2020","W + Parents + Intersts",Image,"01:00:00 - 01:59:59",2020-10-04,161,162,1.0062111801242,,,16.42,,2020-10-01,Ongoing,,1,0.61728395,101.35802469,2020-10-04,2020-10-04
"UCMAS Online Classes Ghana 01st Oct 2020","W + Parents + Intersts",Image,"03:00:00 - 03:59:59",2020-10-04,137,138,1.007299270073,,,12.44,,2020-10-01,Ongoing,,2,1.44927536,90.14492754,2020-10-04,2020-10-04
"UCMAS Online Classes Ghana 01st Oct 2020","W + Parents + Intersts",Image,"02:00:00 - 02:59:59",2020-10-04,105,106,1.0095238095238,,,7.82,,2020-10-01,Ongoing,,2,1.88679245,73.77358491,2020-10-04,2020-10-04
"UCMAS Online Classes Ghana 01st Oct 2020","W + Parents + Intersts",Image,"01:00:00 - 01:59:59",2020-10-03,141,141,1,,,13.56,,2020-10-01,Ongoing,,0,0,96.17021277,2020-10-03,2020-10-03
"UCMAS Online Classes Ghana 01st Oct 2020","W + Parents + Intersts",Image,"11:00:00 - 11:59:59",2020-10-03,37,37,1,,,3.27,,2020-10-01,Ongoing,,1,2.7027027,88.37837838,2020-10-03,2020-10-03
"UCMAS Online Classes Ghana 01st Oct 2020","W + Parents + Intersts",Image,"02:00:00 - 02:59:59",2020-10-03,115,116,1.0086956521739,,,10.3,,2020-10-01,Ongoing,,4,3.44827586,88.79310345,2020-10-03,2020-10-03
"UCMAS Online Classes Ghana 01st Oct 2020","W + Parents + Intersts",Image,"13:00:00 - 13:59:59",2020-10-03,157,157,1,,,16.22,,2020-10-01,Ongoing,,4,2.5477707,103.31210191,2020-10-03,2020-10-03
"UCMAS Online Classes Ghana 01st Oct 2020","W + Parents + Intersts",Image,"04:00:00 - 04:59:59",2020-10-03,143,143,1,"On-Facebook Leads",1,11.94,11.94,2020-10-01,Ongoing,0.6993006993007,5,3.4965035,83.4965035,2020-10-03,2020-10-03
"UCMAS Online Classes Ghana 01st Oct 2020","W + Parents + Intersts",Image,"18:00:00 - 18:59:59",2020-10-03,628,637,1.0143312101911,"On-Facebook Leads",1,48.34,48.34,2020-10-01,Ongoing,0.15698587127159,13,2.04081633,75.88697017,2020-10-03,2020-10-03
"UCMAS Online Classes Ghana 01st Oct 2020","W + Parents + Intersts",Image,"03:00:00 - 03:59:59",2020-10-03,144,145,1.0069444444444,,,16.02,,2020-10-01,Ongoing,,9,6.20689655,110.48275862,2020-10-03,2020-10-03
"UCMAS Online Classes Ghana 01st Oct 2020","W + Parents + Intersts",Image,"15:00:00 - 15:59:59",2020-10-03,1461,1461,1,"On-Facebook Leads",1,125.18,125.18,2020-10-01,Ongoing,0.068446269678303,21,1.43737166,85.68104038,2020-10-03,2020-10-03
"UCMAS Online Classes Ghana 01st Oct 2020","W + Parents + Intersts",Image,"16:00:00 - 16:59:59",2020-10-03,1368,1417,1.0358187134503,,,115.83,,2020-10-01,Ongoing,,17,1.19971771,81.74311927,2020-10-03,2020-10-03
"UCMAS Online Classes Ghana 01st Oct 2020","W + Parents + Intersts",Image,"14:00:00 - 14:59:59",2020-10-03,1403,1403,1,,,121.82,,2020-10-01,Ongoing,,21,1.49679259,86.82822523,2020-10-03,2020-10-03
"UCMAS Online Classes Ghana 01st Oct 2020","W + Parents + Intersts",Image,"20:00:00 - 20:59:59",2020-10-03,950,998,1.0505263157895,,,94.29,,2020-10-01,Ongoing,,35,3.50701403,94.47895792,2020-10-03,2020-10-03
"UCMAS Online Classes Ghana 01st Oct 2020","W + Parents + Intersts",Image,"21:00:00 - 21:59:59",2020-10-03,806,810,1.0049627791563,,,83.77,,2020-10-01,Ongoing,,17,2.09876543,103.41975309,2020-10-03,2020-10-03
"UCMAS Online Classes Ghana 01st Oct 2020","W + Parents + Intersts",Image,"19:00:00 - 19:59:59",2020-10-03,659,659,1,,,62.03,,2020-10-01,Ongoing,,5,0.75872534,94.12746586,2020-10-03,2020-10-03
"UCMAS Online Classes Ghana 01st Oct 2020","W + Parents + Intersts",Image,"17:00:00 - 17:59:59",2020-10-03,1358,1383,1.0184094256259,"On-Facebook Leads",1,114.47,114.47,2020-10-01,Ongoing,0.072306579898771,30,2.1691974,82.76934201,2020-10-03,2020-10-03
"UCMAS Online Classes Ghana 01st Oct 2020","W + Parents + Intersts",Image,"09:00:00 - 09:59:59",2020-10-03,607,607,1,"On-Facebook Leads",1,67.21,67.21,2020-10-01,Ongoing,0.16474464579901,15,2.47116969,110.72487644,2020-10-03,2020-10-03
"UCMAS Online Classes Ghana 01st Oct 2020","W + Parents + Intersts",Image,"08:00:00 - 08:59:59",2020-10-03,492,499,1.0142276422764,"On-Facebook Leads",1,42.96,42.96,2020-10-01,Ongoing,0.20040080160321,14,2.80561122,86.09218437,2020-10-03,2020-10-03
"UCMAS Online Classes Ghana 01st Oct 2020","W + Parents + Intersts",Image,"06:00:00 - 06:59:59",2020-10-03,403,405,1.0049627791563,"On-Facebook Leads",1,40.67,40.67,2020-10-01,Ongoing,0.24691358024691,11,2.71604938,100.41975309,2020-10-03,2020-10-03
"UCMAS Online Classes Ghana 01st Oct 2020","W + Parents + Intersts",Image,"10:00:00 - 10:59:59",2020-10-03,368,380,1.0326086956522,"On-Facebook Leads",1,34.13,34.13,2020-10-01,Ongoing,0.26315789473684,9,2.36842105,89.81578947,2020-10-03,2020-10-03
"UCMAS Online Classes Ghana 01st Oct 2020","W + Parents + Intersts",Image,"07:00:00 - 07:59:59",2020-10-03,341,351,1.0293255131965,"On-Facebook Leads",1,37.01,37.01,2020-10-01,Ongoing,0.28490028490028,9,2.56410256,105.44159544,2020-10-03,2020-10-03
"UCMAS Online Classes Ghana 01st Oct 2020","W + Parents + Intersts",Image,"23:00:00 - 23:59:59",2020-10-03,337,344,1.0207715133531,"On-Facebook Leads",2,33.61,16.805,2020-10-01,Ongoing,0.58139534883721,11,3.19767442,97.70348837,2020-10-03,2020-10-03
"UCMAS Online Classes Ghana 01st Oct 2020","W + Parents + Intersts",Image,"05:00:00 - 05:59:59",2020-10-03,249,252,1.0120481927711,,,23.44,,2020-10-01,Ongoing,,4,1.58730159,93.01587302,2020-10-03,2020-10-03
"UCMAS Online Classes Ghana 01st Oct 2020","W + Parents + Intersts",Image,"22:00:00 - 22:59:59",2020-10-03,597,600,1.0050251256281,,,56.36,,2020-10-01,Ongoing,,13,2.16666667,93.93333333,2020-10-03,2020-10-03
"UCMAS Online Classes Ghana 01st Oct 2020","W + Parents + Intersts",Image,"00:00:00 - 00:59:59",2020-10-03,231,232,1.004329004329,,,26.24,,2020-10-01,Ongoing,,8,3.44827586,113.10344828,2020-10-03,2020-10-03
"UCMAS Online Classes Ghana 01st Oct 2020","W + Parents + Intersts",Image,"18:00:00 - 18:59:59",2020-10-02,601,621,1.0332778702163,"On-Facebook Leads",1,56.06,56.06,2020-10-01,Ongoing,0.1610305958132,14,2.25442834,90.27375201,2020-10-02,2020-10-02
"UCMAS Online Classes Ghana 01st Oct 2020","W + Parents + Intersts",Image,"06:00:00 - 06:59:59",2020-10-02,531,551,1.0376647834275,,,54.35,,2020-10-01,Ongoing,,12,2.17785844,98.63883848,2020-10-02,2020-10-02
"UCMAS Online Classes Ghana 01st Oct 2020","W + Parents + Intersts",Image,"07:00:00 - 07:59:59",2020-10-02,544,555,1.0202205882353,"On-Facebook Leads",2,61.89,30.945,2020-10-01,Ongoing,0.36036036036036,26,4.68468468,111.51351351,2020-10-02,2020-10-02
"UCMAS Online Classes Ghana 01st Oct 2020","W + Parents + Intersts",Image,"10:00:00 - 10:59:59",2020-10-02,599,608,1.0150250417362,,,55.63,,2020-10-01,Ongoing,,8,1.31578947,91.49671053,2020-10-02,2020-10-02
"UCMAS Online Classes Ghana 01st Oct 2020","W + Parents + Intersts",Image,"19:00:00 - 19:59:59",2020-10-02,1005,1050,1.044776119403,,,82.13,,2020-10-01,Ongoing,,16,1.52380952,78.21904762,2020-10-02,2020-10-02
"UCMAS Online Classes Ghana 01st Oct 2020","W + Parents + Intersts",Image,"12:00:00 - 12:59:59",2020-10-02,686,696,1.0145772594752,,,59.64,,2020-10-01,Ongoing,,9,1.29310345,85.68965517,2020-10-02,2020-10-02
"UCMAS Online Classes Ghana 01st Oct 2020","W + Parents + Intersts",Image,"11:00:00 - 11:59:59",2020-10-02,807,811,1.0049566294919,,,67.12,,2020-10-01,Ongoing,,19,2.34278668,82.76202219,2020-10-02,2020-10-02
"UCMAS Online Classes Ghana 01st Oct 2020","W + Parents + Intersts",Image,"21:00:00 - 21:59:59",2020-10-02,1006,1024,1.0178926441352,"On-Facebook Leads",1,83.56,83.56,2020-10-01,Ongoing,0.09765625,20,1.953125,81.6015625,2020-10-02,2020-10-02
"UCMAS Online Classes Ghana 01st Oct 2020","W + Parents + Intersts",Image,"20:00:00 - 20:59:59",2020-10-02,1238,1238,1,"On-Facebook Leads",1,90.95,90.95,2020-10-01,Ongoing,0.080775444264943,25,2.01938611,73.46526656,2020-10-02,2020-10-02
"UCMAS Online Classes Ghana 01st Oct 2020","W + Parents + Intersts",Image,"09:00:00 - 09:59:59",2020-10-02,538,540,1.003717472119,"On-Facebook Leads",1,43.16,43.16,2020-10-01,Ongoing,0.18518518518519,14,2.59259259,79.92592593,2020-10-02,2020-10-02
"UCMAS Online Classes Ghana 01st Oct 2020","W + Parents + Intersts",Image,"22:00:00 - 22:59:59",2020-10-02,543,547,1.0073664825046,,,50.74,,2020-10-01,Ongoing,,5,0.91407678,92.76051188,2020-10-02,2020-10-02
"UCMAS Online Classes Ghana 01st Oct 2020","W + Parents + Intersts",Image,"13:00:00 - 13:59:59",2020-10-02,601,601,1,"On-Facebook Leads",1,53.7,53.7,2020-10-01,Ongoing,0.16638935108153,15,2.49584027,89.35108153,2020-10-02,2020-10-02
"UCMAS Online Classes Ghana 01st Oct 2020","W + Parents + Intersts",Image,"08:00:00 - 08:59:59",2020-10-02,494,502,1.0161943319838,,,64.42,,2020-10-01,Ongoing,,11,2.19123506,128.32669323,2020-10-02,2020-10-02
"UCMAS Online Classes Ghana 01st Oct 2020","W + Parents + Intersts",Image,"14:00:00 - 14:59:59",2020-10-02,438,438,1,,,43.5,,2020-10-01,Ongoing,,11,2.51141553,99.31506849,2020-10-02,2020-10-02
"UCMAS Online Classes Ghana 01st Oct 2020","W + Parents + Intersts",Image,"17:00:00 - 17:59:59",2020-10-02,423,424,1.0023640661939,,,41.69,,2020-10-01,Ongoing,,7,1.6509434,98.3254717,2020-10-02,2020-10-02
"UCMAS Online Classes Ghana 01st Oct 2020","W + Parents + Intersts",Image,"16:00:00 - 16:59:59",2020-10-02,381,392,1.0288713910761,,,38.52,,2020-10-01,Ongoing,,7,1.78571429,98.26530612,2020-10-02,2020-10-02
"UCMAS Online Classes Ghana 01st Oct 2020","W + Parents + Intersts",Image,"05:00:00 - 05:59:59",2020-10-02,319,325,1.0188087774295,"On-Facebook Leads",1,38.88,38.88,2020-10-01,Ongoing,0.30769230769231,16,4.92307692,119.63076923,2020-10-02,2020-10-02
"UCMAS Online Classes Ghana 01st Oct 2020","W + Parents + Intersts",Image,"23:00:00 - 23:59:59",2020-10-02,264,266,1.0075757575758,,,29.42,,2020-10-01,Ongoing,,9,3.38345865,110.60150376,2020-10-02,2020-10-02
"UCMAS Online Classes Ghana 01st Oct 2020","W + Parents + Intersts",Image,"04:00:00 - 04:59:59",2020-10-02,158,158,1,,,14.91,,2020-10-01,Ongoing,,3,1.89873418,94.36708861,2020-10-02,2020-10-02
"UCMAS Online Classes Ghana 01st Oct 2020","W + Parents + Intersts",Image,"00:00:00 - 00:59:59",2020-10-02,139,140,1.0071942446043,,,17.61,,2020-10-01,Ongoing,,8,5.71428571,125.78571429,2020-10-02,2020-10-02
"UCMAS Online Classes Ghana 01st Oct 2020","W + Parents + Intersts",Image,"02:00:00 - 02:59:59",2020-10-02,110,110,1,,,13.02,,2020-10-01,Ongoing,,3,2.72727273,118.36363636,2020-10-02,2020-10-02
"UCMAS Online Classes Ghana 01st Oct 2020","W + Parents + Intersts",Image,"01:00:00 - 01:59:59",2020-10-02,107,107,1,,,13.76,,2020-10-01,Ongoing,,2,1.86915888,128.59813084,2020-10-02,2020-10-02
"UCMAS Online Classes Ghana 01st Oct 2020","W + Parents + Intersts",Image,"03:00:00 - 03:59:59",2020-10-02,88,89,1.0113636363636,,,13.17,,2020-10-01,Ongoing,,2,2.24719101,147.97752809,2020-10-02,2020-10-02
"UCMAS Online Classes Ghana 01st Oct 2020","W + Parents + Intersts",Image,"15:00:00 - 15:59:59",2020-10-02,449,449,1,"On-Facebook Leads",1,44.6,44.6,2020-10-01,Ongoing,0.22271714922049,10,2.22717149,99.33184855,2020-10-02,2020-10-02
"UCMAS Online Classes Ghana 01st Oct 2020","W + Parents + Intersts",Image,"16:00:00 - 16:59:59",2020-10-01,616,633,1.0275974025974,,,57.671340882141,,2020-10-01,Ongoing,,8,1.26382306,91.10796348,2020-10-01,2020-10-01
"UCMAS Online Classes Ghana 01st Oct 2020","W + Parents + Intersts",Image,"12:00:00 - 12:59:59",2020-10-01,1103,1116,1.011786038078,"On-Facebook Leads",1,107.6525029645,107.6525029645,2020-10-01,Ongoing,0.089605734767025,27,2.41935484,96.46281628,2020-10-01,2020-10-01
"UCMAS Online Classes Ghana 01st Oct 2020","W + Parents + Intersts",Image,"13:00:00 - 13:59:59",2020-10-01,699,704,1.0071530758226,,,74.901741495966,,2020-10-01,Ongoing,,13,1.84659091,106.39451917,2020-10-01,2020-10-01
"UCMAS Online Classes Ghana 01st Oct 2020","W + Parents + Intersts",Image,"14:00:00 - 14:59:59",2020-10-01,504,509,1.0099206349206,,,52.981231835197,,2020-10-01,Ongoing,,6,1.17878193,104.08886412,2020-10-01,2020-10-01
"UCMAS Online Classes Ghana 01st Oct 2020","W + Parents + Intersts",Image,"17:00:00 - 17:59:59",2020-10-01,623,623,1,"On-Facebook Leads",1,60.891415750192,60.891415750192,2020-10-01,Ongoing,0.16051364365971,20,3.21027287,97.7390301,2020-10-01,2020-10-01
"UCMAS Online Classes Ghana 01st Oct 2020","W + Parents + Intersts",Image,"15:00:00 - 15:59:59",2020-10-01,534,540,1.0112359550562,"On-Facebook Leads",1,49.601153246995,49.601153246995,2020-10-01,Ongoing,0.18518518518519,13,2.40740741,91.85398749,2020-10-01,2020-10-01
"UCMAS Online Classes Ghana 01st Oct 2020","W + Parents + Intersts",Image,"18:00:00 - 18:59:59",2020-10-01,258,259,1.0038759689922,"On-Facebook Leads",1,26.130607547258,26.130607547258,2020-10-01,Ongoing,0.38610038610039,9,3.47490347,100.89037663,2020-10-01,2020-10-01
"UCMAS Online Classes Ghana 01st Oct 2020","W + Parents + Intersts",Image,"11:00:00 - 11:59:59",2020-10-01,3,3,1,,,0.27000627775582,,2020-10-01,Ongoing,,2,66.66666667,90.00209259,2020-10-01,2020-10-01
"UCMAS Online Classes Ghana 24th Sept 2020","W + Parents + Intersts",Video,"10:00:00 - 10:59:59",2020-09-29,573,596,1.0401396160558,,,52.25,,2020-09-24,Ongoing,,8,1.34228188,87.66778523,2020-09-29,2020-09-29
"UCMAS Online Classes Ghana 24th Sept 2020","W + Parents + Intersts",Video,"21:00:00 - 21:59:59",2020-09-29,1048,1048,1,,,87.59,,2020-09-24,Ongoing,,18,1.71755725,83.57824427,2020-09-29,2020-09-29
"UCMAS Online Classes Ghana 24th Sept 2020","W + Parents + Intersts",Video,"07:00:00 - 07:59:59",2020-09-29,793,793,1,,,61.23,,2020-09-24,Ongoing,,13,1.63934426,77.21311475,2020-09-29,2020-09-29
"UCMAS Online Classes Ghana 24th Sept 2020","W + Parents + Intersts",Video,"22:00:00 - 22:59:59",2020-09-29,757,772,1.0198150594452,"On-Facebook Leads",1,68.28,68.28,2020-09-24,Ongoing,0.12953367875648,15,1.94300518,88.44559585,2020-09-29,2020-09-29
"UCMAS Online Classes Ghana 24th Sept 2020","W + Parents + Intersts",Video,"13:00:00 - 13:59:59",2020-09-29,717,717,1,,,59.62,,2020-09-24,Ongoing,,6,0.83682008,83.15202232,2020-09-29,2020-09-29
"UCMAS Online Classes Ghana 24th Sept 2020","W + Parents + Intersts",Video,"06:00:00 - 06:59:59",2020-09-29,632,637,1.0079113924051,,,60.68,,2020-09-24,Ongoing,,8,1.25588697,95.25902669,2020-09-29,2020-09-29
"UCMAS Online Classes Ghana 24th Sept 2020","W + Parents + Intersts",Video,"12:00:00 - 12:59:59",2020-09-29,629,629,1,"On-Facebook Leads",1,58.74,58.74,2020-09-24,Ongoing,0.15898251192369,10,1.58982512,93.3863275,2020-09-29,2020-09-29
"UCMAS Online Classes Ghana 24th Sept 2020","W + Parents + Intersts",Video,"19:00:00 - 19:59:59",2020-09-29,591,611,1.0338409475465,,,58.98,,2020-09-24,Ongoing,,9,1.47299509,96.53027823,2020-09-29,2020-09-29
"UCMAS Online Classes Ghana 24th Sept 2020","W + Parents + Intersts",Video,"08:00:00 - 08:59:59",2020-09-29,604,604,1,"On-Facebook Leads",2,60.92,30.46,2020-09-24,Ongoing,0.33112582781457,15,2.48344371,100.86092715,2020-09-29,2020-09-29
"UCMAS Online Classes Ghana 24th Sept 2020","W + Parents + Intersts",Video,"02:00:00 - 02:59:59",2020-09-29,153,154,1.0065359477124,,,10.89,,2020-09-24,Ongoing,,3,1.94805195,70.71428571,2020-09-29,2020-09-29
"UCMAS Online Classes Ghana 24th Sept 2020","W + Parents + Intersts",Video,"09:00:00 - 09:59:59",2020-09-29,576,576,1,,,55.63,,2020-09-24,Ongoing,,3,0.52083333,96.57986111,2020-09-29,2020-09-29
"UCMAS Online Classes Ghana 24th Sept 2020","W + Parents + Intersts",Video,"11:00:00 - 11:59:59",2020-09-29,527,535,1.0151802656546,"On-Facebook Leads",1,50.98,50.98,2020-09-24,Ongoing,0.18691588785047,9,1.68224299,95.28971963,2020-09-29,2020-09-29
"UCMAS Online Classes Ghana 24th Sept 2020","W + Parents + Intersts",Video,"14:00:00 - 14:59:59",2020-09-29,463,465,1.0043196544276,,,44.66,,2020-09-24,Ongoing,,4,0.86021505,96.04301075,2020-09-29,2020-09-29
"UCMAS Online Classes Ghana 24th Sept 2020","W + Parents + Intersts",Video,"23:00:00 - 23:59:59",2020-09-29,434,440,1.0138248847926,"On-Facebook Leads",1,40.62,40.62,2020-09-24,Ongoing,0.22727272727273,8,1.81818182,92.31818182,2020-09-29,2020-09-29
"UCMAS Online Classes Ghana 24th Sept 2020","W + Parents + Intersts",Video,"05:00:00 - 05:59:59",2020-09-29,380,380,1,,,33.19,,2020-09-24,Ongoing,,4,1.05263158,87.34210526,2020-09-29,2020-09-29
"UCMAS Online Classes Ghana 24th Sept 2020","W + Parents + Intersts",Video,"03:00:00 - 03:59:59",2020-09-29,233,237,1.0171673819742,,,21.23,,2020-09-24,Ongoing,,7,2.9535865,89.57805907,2020-09-29,2020-09-29
"UCMAS Online Classes Ghana 24th Sept 2020","W + Parents + Intersts",Video,"00:00:00 - 00:59:59",2020-09-29,234,236,1.008547008547,,,23.47,,2020-09-24,Ongoing,,6,2.54237288,99.44915254,2020-09-29,2020-09-29
"UCMAS Online Classes Ghana 24th Sept 2020","W + Parents + Intersts",Video,"01:00:00 - 01:59:59",2020-09-29,201,202,1.0049751243781,,,18.25,,2020-09-24,Ongoing,,3,1.48514851,90.34653465,2020-09-29,2020-09-29
"UCMAS Online Classes Ghana 24th Sept 2020","W + Parents + Intersts",Video,"04:00:00 - 04:59:59",2020-09-29,190,194,1.0210526315789,,,19.34,,2020-09-24,Ongoing,,2,1.03092784,99.69072165,2020-09-29,2020-09-29
"UCMAS Online Classes Ghana 24th Sept 2020","W + Parents + Intersts",Video,"20:00:00 - 20:59:59",2020-09-29,1078,1090,1.0111317254174,"On-Facebook Leads",4,84.89,21.2225,2020-09-24,Ongoing,0.36697247706422,33,3.02752294,77.88073394,2020-09-29,2020-09-29
"UCMAS Online Classes Ghana 24th Sept 2020","W + Parents + Intersts",Video,"18:00:00 - 18:59:59",2020-09-29,116,116,1,,,13.58,,2020-09-24,Ongoing,,1,0.86206897,117.06896552,2020-09-29,2020-09-29
"UCMAS Online Classes Ghana 24th Sept 2020","W + Parents + Intersts",Video,"00:00:00 - 00:59:59",2020-09-28,235,240,1.0212765957447,,,22.14,,2020-09-24,Ongoing,,1,0.41666667,92.25,2020-09-28,2020-09-28
"UCMAS Online Classes Ghana 24th Sept 2020","W + Parents + Intersts",Video,"07:00:00 - 07:59:59",2020-09-28,588,597,1.015306122449,,,60.33,,2020-09-24,Ongoing,,4,0.67001675,101.05527638,2020-09-28,2020-09-28
"UCMAS Online Classes Ghana 24th Sept 2020","W + Parents + Intersts",Video,"21:00:00 - 21:59:59",2020-09-28,978,978,1,"On-Facebook Leads",1,83.65,83.65,2020-09-24,Ongoing,0.10224948875256,15,1.53374233,85.53169734,2020-09-28,2020-09-28
"UCMAS Online Classes Ghana 24th Sept 2020","W + Parents + Intersts",Video,"10:00:00 - 10:59:59",2020-09-28,704,708,1.0056818181818,,,65.13,,2020-09-24,Ongoing,,12,1.69491525,91.99152542,2020-09-28,2020-09-28
"UCMAS Online Classes Ghana 24th Sept 2020","W + Parents + Intersts",Video,"09:00:00 - 09:59:59",2020-09-28,706,706,1,"On-Facebook Leads",1,63.77,63.77,2020-09-24,Ongoing,0.14164305949008,9,1.27478754,90.32577904,2020-09-28,2020-09-28
"UCMAS Online Classes Ghana 24th Sept 2020","W + Parents + Intersts",Video,"22:00:00 - 22:59:59",2020-09-28,705,705,1,"On-Facebook Leads",3,66.16,22.053333333333,2020-09-24,Ongoing,0.42553191489362,20,2.83687943,93.84397163,2020-09-28,2020-09-28
"UCMAS Online Classes Ghana 24th Sept 2020","W + Parents + Intersts",Video,"19:00:00 - 19:59:59",2020-09-28,675,686,1.0162962962963,,,66.6,,2020-09-24,Ongoing,,5,0.72886297,97.0845481,2020-09-28,2020-09-28
"UCMAS Online Classes Ghana 24th Sept 2020","W + Parents + Intersts",Video,"06:00:00 - 06:59:59",2020-09-28,638,654,1.025078369906,,,61.78,,2020-09-24,Ongoing,,11,1.68195719,94.4648318,2020-09-28,2020-09-28
"UCMAS Online Classes Ghana 24th Sept 2020","W + Parents + Intersts",Video,"05:00:00 - 05:59:59",2020-09-28,359,367,1.0222841225627,"On-Facebook Leads",1,36.32,36.32,2020-09-24,Ongoing,0.2724795640327,3,0.81743869,98.96457766,2020-09-28,2020-09-28
"UCMAS Online Classes Ghana 24th Sept 2020","W + Parents + Intersts",Video,"14:00:00 - 14:59:59",2020-09-28,638,638,1,,,53.53,,2020-09-24,Ongoing,,12,1.88087774,83.90282132,2020-09-28,2020-09-28
"UCMAS Online Classes Ghana 24th Sept 2020","W + Parents + Intersts",Video,"08:00:00 - 08:59:59",2020-09-28,624,630,1.0096153846154,,,57.81,,2020-09-24,Ongoing,,10,1.58730159,91.76190476,2020-09-28,2020-09-28
"UCMAS Online Classes Ghana 24th Sept 2020","W + Parents + Intersts",Video,"18:00:00 - 18:59:59",2020-09-28,596,606,1.0167785234899,"On-Facebook Leads",1,64.09,64.09,2020-09-24,Ongoing,0.16501650165017,8,1.32013201,105.75907591,2020-09-28,2020-09-28
"UCMAS Online Classes Ghana 24th Sept 2020","W + Parents + Intersts",Video,"15:00:00 - 15:59:59",2020-09-28,644,644,1,,,53.56,,2020-09-24,Ongoing,,11,1.70807453,83.16770186,2020-09-28,2020-09-28
"UCMAS Online Classes Ghana 24th Sept 2020","W + Parents + Intersts",Video,"11:00:00 - 11:59:59",2020-09-28,591,594,1.005076142132,,,51.24,,2020-09-24,Ongoing,,16,2.69360269,86.26262626,2020-09-28,2020-09-28
"UCMAS Online Classes Ghana 24th Sept 2020","W + Parents + Intersts",Video,"20:00:00 - 20:59:59",2020-09-28,540,558,1.0333333333333,,,48.66,,2020-09-24,Ongoing,,4,0.71684588,87.20430108,2020-09-28,2020-09-28
"UCMAS Online Classes Ghana 24th Sept 2020","W + Parents + Intersts",Video,"17:00:00 - 17:59:59",2020-09-28,540,550,1.0185185185185,,,46.47,,2020-09-24,Ongoing,,11,2,84.49090909,2020-09-28,2020-09-28
"UCMAS Online Classes Ghana 24th Sept 2020","W + Parents + Intersts",Video,"12:00:00 - 12:59:59",2020-09-28,498,500,1.004016064257,,,43.74,,2020-09-24,Ongoing,,1,0.2,87.48,2020-09-28,2020-09-28
"UCMAS Online Classes Ghana 24th Sept 2020","W + Parents + Intersts",Video,"23:00:00 - 23:59:59",2020-09-28,475,476,1.0021052631579,,,40.38,,2020-09-24,Ongoing,,5,1.05042017,84.83193277,2020-09-28,2020-09-28
"UCMAS Online Classes Ghana 24th Sept 2020","W + Parents + Intersts",Video,"16:00:00 - 16:59:59",2020-09-28,455,464,1.0197802197802,"On-Facebook Leads",2,41.99,20.995,2020-09-24,Ongoing,0.43103448275862,17,3.6637931,90.49568966,2020-09-28,2020-09-28
"UCMAS Online Classes Ghana 24th Sept 2020","W + Parents + Intersts",Video,"02:00:00 - 02:59:59",2020-09-28,153,153,1,,,16.25,,2020-09-24,Ongoing,,1,0.65359477,106.20915033,2020-09-28,2020-09-28
"UCMAS Online Classes Ghana 24th Sept 2020","W + Parents + Intersts",Video,"04:00:00 - 04:59:59",2020-09-28,171,171,1,,,20.24,,2020-09-24,Ongoing,,6,3.50877193,118.3625731,2020-09-28,2020-09-28
"UCMAS Online Classes Ghana 24th Sept 2020","W + Parents + Intersts",Video,"03:00:00 - 03:59:59",2020-09-28,178,181,1.0168539325843,,,20.18,,2020-09-24,Ongoing,,4,2.20994475,111.49171271,2020-09-28,2020-09-28
"UCMAS Online Classes Ghana 24th Sept 2020","W + Parents + Intersts",Video,"01:00:00 - 01:59:59",2020-09-28,181,182,1.0055248618785,"On-Facebook Leads",1,15.52,15.52,2020-09-24,Ongoing,0.54945054945055,4,2.1978022,85.27472527,2020-09-28,2020-09-28
"UCMAS Online Classes Ghana 24th Sept 2020","W + Parents + Intersts",Video,"13:00:00 - 13:59:59",2020-09-28,556,567,1.0197841726619,"On-Facebook Leads",1,50.19,50.19,2020-09-24,Ongoing,0.17636684303351,12,2.11640212,88.51851852,2020-09-28,2020-09-28
"UCMAS Online Classes Ghana 24th Sept 2020","W + Parents + Intersts",Video,"00:00:00 - 00:59:59",2020-09-27,293,295,1.0068259385666,,,27.14,,2020-09-24,Ongoing,,6,2.03389831,92,2020-09-27,2020-09-27
"UCMAS Online Classes Ghana 24th Sept 2020","W + Parents + Intersts",Video,"07:00:00 - 07:59:59",2020-09-27,391,391,1,,,39.77,,2020-09-24,Ongoing,,4,1.0230179,101.71355499,2020-09-27,2020-09-27
"UCMAS Online Classes Ghana 24th Sept 2020","W + Parents + Intersts",Video,"05:00:00 - 05:59:59",2020-09-27,340,340,1,,,37.67,,2020-09-24,Ongoing,,4,1.17647059,110.79411765,2020-09-27,2020-09-27
"UCMAS Online Classes Ghana 24th Sept 2020","W + Parents + Intersts",Video,"08:00:00 - 08:59:59",2020-09-27,333,333,1,,,31.75,,2020-09-24,Ongoing,,6,1.8018018,95.34534535,2020-09-27,2020-09-27
"UCMAS Online Classes Ghana 24th Sept 2020","W + Parents + Intersts",Video,"18:00:00 - 18:59:59",2020-09-27,65,65,1,,,7.84,,2020-09-24,Ongoing,,2,3.07692308,120.61538462,2020-09-27,2020-09-27
"UCMAS Online Classes Ghana 24th Sept 2020","W + Parents + Intersts",Video,"19:00:00 - 19:59:59",2020-09-27,275,283,1.0290909090909,,,37.29,,2020-09-24,Ongoing,,7,2.47349823,131.76678445,2020-09-27,2020-09-27
"UCMAS Online Classes Ghana 24th Sept 2020","W + Parents + Intersts",Video,"04:00:00 - 04:59:59",2020-09-27,162,162,1,,,18.94,,2020-09-24,Ongoing,,4,2.4691358,116.91358025,2020-09-27,2020-09-27
"UCMAS Online Classes Ghana 24th Sept 2020","W + Parents + Intersts",Video,"02:00:00 - 02:59:59",2020-09-27,149,149,1,,,17.1,,2020-09-24,Ongoing,,0,0,114.76510067,2020-09-27,2020-09-27
"UCMAS Online Classes Ghana 24th Sept 2020","W + Parents + Intersts",Video,"17:00:00 - 17:59:59",2020-09-27,126,126,1,,,17.01,,2020-09-24,Ongoing,,1,0.79365079,135,2020-09-27,2020-09-27
"UCMAS Online Classes Ghana 24th Sept 2020","W + Parents + Intersts",Video,"03:00:00 - 03:59:59",2020-09-27,124,126,1.0161290322581,,,10.34,,2020-09-24,Ongoing,,0,0,82.06349206,2020-09-27,2020-09-27
"UCMAS Online Classes Ghana 24th Sept 2020","W + Parents + Intersts",Video,"20:00:00 - 20:59:59",2020-09-27,401,401,1,,,48.82,,2020-09-24,Ongoing,,11,2.74314214,121.74563591,2020-09-27,2020-09-27
"UCMAS Online Classes Ghana 24th Sept 2020","W + Parents + Intersts",Video,"01:00:00 - 01:59:59",2020-09-27,192,192,1,,,19.54,,2020-09-24,Ongoing,,2,1.04166667,101.77083333,2020-09-27,2020-09-27
"UCMAS Online Classes Ghana 24th Sept 2020","W + Parents + Intersts",Video,"16:00:00 - 16:59:59",2020-09-27,434,455,1.0483870967742,"On-Facebook Leads",1,63.64,63.64,2020-09-24,Ongoing,0.21978021978022,14,3.07692308,139.86813187,2020-09-27,2020-09-27
"UCMAS Online Classes Ghana 24th Sept 2020","W + Parents + Intersts",Video,"11:00:00 - 11:59:59",2020-09-27,719,721,1.0027816411683,,,69.37,,2020-09-24,Ongoing,,9,1.2482663,96.21359223,2020-09-27,2020-09-27
"UCMAS Online Classes Ghana 24th Sept 2020","W + Parents + Intersts",Video,"21:00:00 - 21:59:59",2020-09-27,462,462,1,"On-Facebook Leads",1,45.91,45.91,2020-09-24,Ongoing,0.21645021645022,8,1.73160173,99.37229437,2020-09-27,2020-09-27
"UCMAS Online Classes Ghana 24th Sept 2020","W + Parents + Intersts",Video,"14:00:00 - 14:59:59",2020-09-27,1295,1295,1,,,164.03,,2020-09-24,Ongoing,,15,1.15830116,126.66409266,2020-09-27,2020-09-27
"UCMAS Online Classes Ghana 24th Sept 2020","W + Parents + Intersts",Video,"06:00:00 - 06:59:59",2020-09-27,881,893,1.0136208853575,"On-Facebook Leads",2,98.7,49.35,2020-09-24,Ongoing,0.22396416573348,31,3.47144457,110.52631579,2020-09-27,2020-09-27
"UCMAS Online Classes Ghana 24th Sept 2020","W + Parents + Intersts",Video,"13:00:00 - 13:59:59",2020-09-27,871,871,1,"On-Facebook Leads",1,77.09,77.09,2020-09-24,Ongoing,0.11481056257176,19,2.18140069,88.50746269,2020-09-27,2020-09-27
"UCMAS Online Classes Ghana 24th Sept 2020","W + Parents + Intersts",Video,"09:00:00 - 09:59:59",2020-09-27,406,408,1.0049261083744,"On-Facebook Leads",2,51.35,25.675,2020-09-24,Ongoing,0.49019607843137,10,2.45098039,125.85784314,2020-09-27,2020-09-27
"UCMAS Online Classes Ghana 24th Sept 2020","W + Parents + Intersts",Video,"12:00:00 - 12:59:59",2020-09-27,691,691,1,,,72.12,,2020-09-24,Ongoing,,7,1.0130246,104.37047757,2020-09-27,2020-09-27
"UCMAS Online Classes Ghana 24th Sept 2020","W + Parents + Intersts",Video,"10:00:00 - 10:59:59",2020-09-27,631,639,1.0126782884311,,,77.5,,2020-09-24,Ongoing,,2,0.31298905,121.28325509,2020-09-27,2020-09-27
"UCMAS Online Classes Ghana 24th Sept 2020","W + Parents + Intersts",Video,"15:00:00 - 15:59:59",2020-09-27,625,625,1,,,91.17,,2020-09-24,Ongoing,,5,0.8,145.872,2020-09-27,2020-09-27
"UCMAS Online Classes Ghana 24th Sept 2020","W + Parents + Intersts",Video,"22:00:00 - 22:59:59",2020-09-27,524,538,1.0267175572519,,,49.02,,2020-09-24,Ongoing,,7,1.30111524,91.11524164,2020-09-27,2020-09-27
"UCMAS Online Classes Ghana 24th Sept 2020","W + Parents + Intersts",Video,"23:00:00 - 23:59:59",2020-09-27,470,470,1,"On-Facebook Leads",1,46.86,46.86,2020-09-24,Ongoing,0.21276595744681,12,2.55319149,99.70212766,2020-09-27,2020-09-27
"UCMAS Online Classes Ghana 24th Sept 2020","W + Parents + Intersts",Video,"06:00:00 - 06:59:59",2020-09-26,396,405,1.0227272727273,,,65.431809881389,,2020-09-24,Ongoing,,8,1.97530864,161.5600244,2020-09-26,2020-09-26
"UCMAS Online Classes Ghana 24th Sept 2020","W + Parents + Intersts",Video,"12:00:00 - 12:59:59",2020-09-26,530,557,1.0509433962264,,,60.589455755611,,2020-09-24,Ongoing,,8,1.43626571,108.77819705,2020-09-26,2020-09-26
"UCMAS Online Classes Ghana 24th Sept 2020","W + Parents + Intersts",Video,"13:00:00 - 13:59:59",2020-09-26,576,577,1.0017361111111,,,63.680958699548,,2020-09-24,Ongoing,,7,1.21317158,110.365613,2020-09-26,2020-09-26
"UCMAS Online Classes Ghana 24th Sept 2020","W + Parents + Intersts",Video,"11:00:00 - 11:59:59",2020-09-26,669,682,1.0194319880419,,,68.693395511562,,2020-09-24,Ongoing,,6,0.8797654,100.72345383,2020-09-26,2020-09-26
"UCMAS Online Classes Ghana 24th Sept 2020","W + Parents + Intersts",Video,"23:00:00 - 23:59:59",2020-09-26,662,682,1.0302114803625,,,75.576741872173,,2020-09-24,Ongoing,,12,1.75953079,110.81633706,2020-09-26,2020-09-26
"UCMAS Online Classes Ghana 24th Sept 2020","W + Parents + Intersts",Video,"22:00:00 - 22:59:59",2020-09-26,678,703,1.0368731563422,"On-Facebook Leads",2,71.814913047188,35.907456523594,2020-09-24,Ongoing,0.28449502133713,21,2.98719772,102.1549261,2020-09-26,2020-09-26
"UCMAS Online Classes Ghana 24th Sept 2020","W + Parents + Intersts",Video,"10:00:00 - 10:59:59",2020-09-26,842,843,1.0011876484561,"On-Facebook Leads",3,91.614538697841,30.538179565947,2020-09-24,Ongoing,0.355871886121,21,2.4911032,108.67679561,2020-09-26,2020-09-26
"UCMAS Online Classes Ghana 24th Sept 2020","W + Parents + Intersts",Video,"21:00:00 - 21:59:59",2020-09-26,481,481,1,"On-Facebook Leads",1,54.896688198652,54.896688198652,2020-09-24,Ongoing,0.20790020790021,16,3.32640333,114.1303289,2020-09-26,2020-09-26
"UCMAS Online Classes Ghana 24th Sept 2020","W + Parents + Intersts",Video,"17:00:00 - 17:59:59",2020-09-26,411,417,1.014598540146,"On-Facebook Leads",1,40.539708507552,40.539708507552,2020-09-24,Ongoing,0.23980815347722,8,1.91846523,97.2175264,2020-09-26,2020-09-26
"UCMAS Online Classes Ghana 24th Sept 2020","W + Parents + Intersts",Video,"16:00:00 - 16:59:59",2020-09-26,403,412,1.0223325062035,,,45.231989674887,,2020-09-24,Ongoing,,3,0.72815534,109.78638271,2020-09-26,2020-09-26
"UCMAS Online Classes Ghana 24th Sept 2020","W + Parents + Intersts",Video,"15:00:00 - 15:59:59",2020-09-26,384,384,1,"On-Facebook Leads",1,47.373030548682,47.373030548682,2020-09-24,Ongoing,0.26041666666667,9,2.34375,123.36726705,2020-09-26,2020-09-26
"UCMAS Online Classes Ghana 24th Sept 2020","W + Parents + Intersts",Video,"20:00:00 - 20:59:59",2020-09-26,398,401,1.0075376884422,"On-Facebook Leads",1,51.945253349262,51.945253349262,2020-09-24,Ongoing,0.24937655860349,11,2.74314214,129.53928516,2020-09-26,2020-09-26
"UCMAS Online Classes Ghana 24th Sept 2020","W + Parents + Intersts",Video,"07:00:00 - 07:59:59",2020-09-26,393,401,1.0203562340967,,,50.014314617288,,2020-09-24,Ongoing,,7,1.74563591,124.7239766,2020-09-26,2020-09-26
"UCMAS Online Classes Ghana 24th Sept 2020","W + Parents + Intersts",Video,"14:00:00 - 14:59:59",2020-09-26,508,510,1.003937007874,,,66.362262223739,,2020-09-24,Ongoing,,10,1.96078431,130.12208279,2020-09-26,2020-09-26
"UCMAS Online Classes Ghana 24th Sept 2020","W + Parents + Intersts",Video,"08:00:00 - 08:59:59",2020-09-26,370,370,1,"On-Facebook Leads",2,50.174392439628,25.087196219814,2020-09-24,Ongoing,0.54054054054054,13,3.51351351,135.60646605,2020-09-26,2020-09-26
"UCMAS Online Classes Ghana 24th Sept 2020","W + Parents + Intersts",Video,"05:00:00 - 05:59:59",2020-09-26,294,299,1.0170068027211,,,43.721255226555,,2020-09-24,Ongoing,,10,3.34448161,146.22493387,2020-09-26,2020-09-26
"UCMAS Online Classes Ghana 24th Sept 2020","W + Parents + Intersts",Video,"19:00:00 - 19:59:59",2020-09-26,277,282,1.0180505415162,,,30.17466951105,,2020-09-24,Ongoing,,5,1.77304965,107.00237415,2020-09-26,2020-09-26
"UCMAS Online Classes Ghana 24th Sept 2020","W + Parents + Intersts",Video,"18:00:00 - 18:59:59",2020-09-26,203,205,1.0098522167488,,,20.479956395597,,2020-09-24,Ongoing,,5,2.43902439,99.90222632,2020-09-26,2020-09-26
"UCMAS Online Classes Ghana 24th Sept 2020","W + Parents + Intersts",Video,"01:00:00 - 01:59:59",2020-09-26,167,167,1,,,21.940666524447,,2020-09-24,Ongoing,,0,0,131.38123667,2020-09-26,2020-09-26
"UCMAS Online Classes Ghana 24th Sept 2020","W + Parents + Intersts",Video,"04:00:00 - 04:59:59",2020-09-26,152,152,1,,,23.491420428364,,2020-09-24,Ongoing,,3,1.97368421,154.54881861,2020-09-26,2020-09-26
"UCMAS Online Classes Ghana 24th Sept 2020","W + Parents + Intersts",Video,"03:00:00 - 03:59:59",2020-09-26,135,135,1,"On-Facebook Leads",1,15.477524447478,15.477524447478,2020-09-24,Ongoing,0.74074074074074,5,3.7037037,114.64832924,2020-09-26,2020-09-26
"UCMAS Online Classes Ghana 24th Sept 2020","W + Parents + Intersts",Video,"02:00:00 - 02:59:59",2020-09-26,119,120,1.0084033613445,,,15.097339619421,,2020-09-24,Ongoing,,3,2.5,125.8111635,2020-09-26,2020-09-26
"UCMAS Online Classes Ghana 24th Sept 2020","W + Parents + Intersts",Video,"00:00:00 - 00:59:59",2020-09-26,277,277,1,,,35.137082003584,,2020-09-24,Ongoing,,4,1.44404332,126.84867149,2020-09-26,2020-09-26
"UCMAS Online Classes Ghana 24th Sept 2020","W + Parents + Intersts",Video,"09:00:00 - 09:59:59",2020-09-26,555,555,1,"On-Facebook Leads",2,63.0106328185,31.50531640925,2020-09-24,Ongoing,0.36036036036036,13,2.34234234,113.53267175,2020-09-26,2020-09-26
"UCMAS Online Classes Ghana 24th Sept 2020","W + Parents + Intersts",Video,"12:00:00 - 12:59:59",2020-09-25,604,605,1.0016556291391,,,66.987449109768,,2020-09-24,Ongoing,,5,0.82644628,110.72305638,2020-09-25,2020-09-25
"UCMAS Online Classes Ghana 24th Sept 2020","W + Parents + Intersts",Video,"22:00:00 - 22:59:59",2020-09-25,338,348,1.0295857988166,,,37.25322424982,,2020-09-24,Ongoing,,5,1.43678161,107.04949497,2020-09-25,2020-09-25
"UCMAS Online Classes Ghana 24th Sept 2020","W + Parents + Intersts",Video,"11:00:00 - 11:59:59",2020-09-25,601,602,1.0016638935108,"On-Facebook Leads",1,65.962131011149,65.962131011149,2020-09-24,Ongoing,0.16611295681063,15,2.49169435,109.5716462,2020-09-25,2020-09-25
"UCMAS Online Classes Ghana 24th Sept 2020","W + Parents + Intersts",Video,"20:00:00 - 20:59:59",2020-09-25,576,577,1.0017361111111,,,57.970681124854,,2020-09-24,Ongoing,,7,1.21317158,100.46911807,2020-09-25,2020-09-25
"UCMAS Online Classes Ghana 24th Sept 2020","W + Parents + Intersts",Video,"10:00:00 - 10:59:59",2020-09-25,558,558,1,"On-Facebook Leads",1,60.282672915858,60.282672915858,2020-09-24,Ongoing,0.17921146953405,9,1.61290323,108.03346401,2020-09-25,2020-09-25
"UCMAS Online Classes Ghana 24th Sept 2020","W + Parents + Intersts",Video,"13:00:00 - 13:59:59",2020-09-25,524,533,1.0171755725191,"On-Facebook Leads",2,56.653851017805,28.326925508902,2020-09-24,Ongoing,0.37523452157598,14,2.62664165,106.29240341,2020-09-25,2020-09-25
"UCMAS Online Classes Ghana 24th Sept 2020","W + Parents + Intersts",Video,"15:00:00 - 15:59:59",2020-09-25,507,514,1.0138067061144,,,59.95095235454,,2020-09-24,Ongoing,,9,1.75097276,116.63609407,2020-09-25,2020-09-25
"UCMAS Online Classes Ghana 24th Sept 2020","W + Parents + Intersts",Video,"21:00:00 - 21:59:59",2020-09-25,482,482,1,,,49.446467912807,,2020-09-24,Ongoing,,12,2.48962656,102.58603301,2020-09-25,2020-09-25
"UCMAS Online Classes Ghana 24th Sept 2020","W + Parents + Intersts",Video,"16:00:00 - 16:59:59",2020-09-25,466,474,1.0171673819742,"On-Facebook Leads",1,53.628157413057,53.628157413057,2020-09-24,Ongoing,0.21097046413502,12,2.53164557,113.1395726,2020-09-25,2020-09-25
"UCMAS Online Classes Ghana 24th Sept 2020","W + Parents + Intersts",Video,"09:00:00 - 09:59:59",2020-09-25,416,426,1.0240384615385,"On-Facebook Leads",2,45.184361306784,22.592180653392,2020-09-24,Ongoing,0.46948356807512,8,1.87793427,106.06657584,2020-09-25,2020-09-25
"UCMAS Online Classes Ghana 24th Sept 2020","W + Parents + Intersts",Video,"17:00:00 - 17:59:59",2020-09-25,388,393,1.0128865979381,,,46.732390592934,,2020-09-24,Ongoing,,9,2.29007634,118.91193535,2020-09-25,2020-09-25
"UCMAS Online Classes Ghana 24th Sept 2020","W + Parents + Intersts",Video,"08:00:00 - 08:59:59",2020-09-25,368,377,1.0244565217391,"On-Facebook Leads",1,45.325091241888,45.325091241888,2020-09-24,Ongoing,0.26525198938992,9,2.3872679,120.22570621,2020-09-25,2020-09-25
"UCMAS Online Classes Ghana 24th Sept 2020","W + Parents + Intersts",Video,"14:00:00 - 14:59:59",2020-09-25,547,547,1,,,69.942777746963,,2020-09-24,Ongoing,,11,2.01096892,127.86613848,2020-09-25,2020-09-25
"UCMAS Online Classes Ghana 24th Sept 2020","W + Parents + Intersts",Video,"19:00:00 - 19:59:59",2020-09-25,330,330,1,"On-Facebook Leads",2,34.840711076599,17.420355538299,2020-09-24,Ongoing,0.60606060606061,14,4.24242424,105.57791235,2020-09-25,2020-09-25
"UCMAS Online Classes Ghana 24th Sept 2020","W + Parents + Intersts",Video,"02:00:00 - 02:59:59",2020-09-25,72,72,1,"On-Facebook Leads",1,9.6198962782184,9.6198962782184,2020-09-24,Ongoing,1.3888888888889,4,5.55555556,133.60967053,2020-09-25,2020-09-25
"UCMAS Online Classes Ghana 24th Sept 2020","W + Parents + Intersts",Video,"07:00:00 - 07:59:59",2020-09-25,259,259,1,,,30.789699373232,,2020-09-24,Ongoing,,4,1.54440154,118.87914816,2020-09-25,2020-09-25
"UCMAS Online Classes Ghana 24th Sept 2020","W + Parents + Intersts",Video,"03:00:00 - 03:59:59",2020-09-25,62,62,1,,,9.3183321315658,,2020-09-24,Ongoing,,0,0,150.29567954,2020-09-25,2020-09-25
"UCMAS Online Classes Ghana 24th Sept 2020","W + Parents + Intersts",Video,"04:00:00 - 04:59:59",2020-09-25,62,62,1,,,7.9110327805203,,2020-09-24,Ongoing,,3,4.83870968,127.59730291,2020-09-25,2020-09-25
"UCMAS Online Classes Ghana 24th Sept 2020","W + Parents + Intersts",Video,"06:00:00 - 06:59:59",2020-09-25,69,69,1,,,11.00709135282,,2020-09-24,Ongoing,,1,1.44927536,159.52306308,2020-09-25,2020-09-25
"UCMAS Online Classes Ghana 24th Sept 2020","W + Parents + Intersts",Video,"01:00:00 - 01:59:59",2020-09-25,75,75,1,,,10.072242498197,,2020-09-24,Ongoing,,3,4,134.29656664,2020-09-25,2020-09-25
"UCMAS Online Classes Ghana 24th Sept 2020","W + Parents + Intersts",Video,"05:00:00 - 05:59:59",2020-09-25,94,95,1.0106382978723,,,13.248718176272,,2020-09-24,Ongoing,,4,4.21052632,139.46019133,2020-09-25,2020-09-25
"UCMAS Online Classes Ghana 24th Sept 2020","W + Parents + Intersts",Video,"00:00:00 - 00:59:59",2020-09-25,102,105,1.0294117647059,,,13.560334461146,,2020-09-24,Ongoing,,1,0.95238095,129.14604249,2020-09-25,2020-09-25
"UCMAS Online Classes Ghana 24th Sept 2020","W + Parents + Intersts",Video,"23:00:00 - 23:59:59",2020-09-25,187,188,1.0053475935829,,,21.632201453214,,2020-09-24,Ongoing,,5,2.65957447,115.06490135,2020-09-25,2020-09-25
"UCMAS Online Classes Ghana 24th Sept 2020","W + Parents + Intersts",Video,"18:00:00 - 18:59:59",2020-09-25,194,198,1.020618556701,,,28.82953241999,,2020-09-24,Ongoing,,5,2.52525253,145.60369909,2020-09-25,2020-09-25
"UCMAS Online Classes Ghana 24th Sept 2020","W + Parents + Intersts",Video,"15:00:00 - 15:59:59",2020-09-24,449,456,1.0155902004454,"On-Facebook Leads",4,46.07,11.5175,2020-09-24,Ongoing,0.87719298245614,23,5.04385965,101.03070175,2020-09-24,2020-09-24
"UCMAS Online Classes Ghana 24th Sept 2020","W + Parents + Intersts",Video,"17:00:00 - 17:59:59",2020-09-24,328,328,1,,,37.81,,2020-09-24,Ongoing,,7,2.13414634,115.27439024,2020-09-24,2020-09-24
"UCMAS Online Classes Ghana 24th Sept 2020","W + Parents + Intersts",Video,"11:00:00 - 11:59:59",2020-09-24,407,407,1,"On-Facebook Leads",1,44.16,44.16,2020-09-24,Ongoing,0.24570024570025,13,3.19410319,108.5012285,2020-09-24,2020-09-24
"UCMAS Online Classes Ghana 24th Sept 2020","W + Parents + Intersts",Video,"08:00:00 - 08:59:59",2020-09-24,399,399,1,,,42.51,,2020-09-24,Ongoing,,12,3.0075188,106.54135338,2020-09-24,2020-09-24
"UCMAS Online Classes Ghana 24th Sept 2020","W + Parents + Intersts",Video,"14:00:00 - 14:59:59",2020-09-24,371,371,1,,,47.23,,2020-09-24,Ongoing,,7,1.88679245,127.30458221,2020-09-24,2020-09-24
"UCMAS Online Classes Ghana 24th Sept 2020","W + Parents + Intersts",Video,"13:00:00 - 13:59:59",2020-09-24,339,339,1,"On-Facebook Leads",1,42.77,42.77,2020-09-24,Ongoing,0.29498525073746,16,4.71976401,126.16519174,2020-09-24,2020-09-24
"UCMAS Online Classes Ghana 24th Sept 2020","W + Parents + Intersts",Video,"10:00:00 - 10:59:59",2020-09-24,319,333,1.0438871473354,"On-Facebook Leads",1,38.73,38.73,2020-09-24,Ongoing,0.3003003003003,3,0.9009009,116.30630631,2020-09-24,2020-09-24
"UCMAS Online Classes Ghana 24th Sept 2020","W + Parents + Intersts",Video,"18:00:00 - 18:59:59",2020-09-24,154,154,1,,,22.41,,2020-09-24,Ongoing,,5,3.24675325,145.51948052,2020-09-24,2020-09-24
"UCMAS Online Classes Ghana 24th Sept 2020","W + Parents + Intersts",Video,"16:00:00 - 16:59:59",2020-09-24,321,321,1,"On-Facebook Leads",1,41.37,41.37,2020-09-24,Ongoing,0.31152647975078,12,3.73831776,128.87850467,2020-09-24,2020-09-24
"UCMAS Online Classes Ghana 24th Sept 2020","W + Parents + Intersts",Video,"12:00:00 - 12:59:59",2020-09-24,315,318,1.0095238095238,,,39.98,,2020-09-24,Ongoing,,14,4.40251572,125.72327044,2020-09-24,2020-09-24
"UCMAS Online Classes Ghana 24th Sept 2020","W + Parents + Intersts",Video,"09:00:00 - 09:59:59",2020-09-24,299,307,1.0267558528428,,,38.36,,2020-09-24,Ongoing,,10,3.25732899,124.95114007,2020-09-24,2020-09-24
"UCMAS Online Classes Ghana 24th Sept 2020","W + Parents + Intersts",Video,"07:00:00 - 07:59:59",2020-09-24,236,237,1.0042372881356,"On-Facebook Leads",1,30.1,30.1,2020-09-24,Ongoing,0.42194092827004,17,7.17299578,127.00421941,2020-09-24,2020-09-24
"UCMAS Online Classes Ghana 24th Sept 2020","W + Parents + Intersts",Video,"06:00:00 - 06:59:59",2020-09-24,19,19,1,,,3.12,,2020-09-24,Ongoing,,1,5.26315789,164.21052632,2020-09-24,2020-09-24
"UCMAS Online Classes Ghana 24th Sept 2020","W + Parents + Intersts",Video,"05:00:00 - 05:59:59",2020-09-24,3,3,1,,,0.21,,2020-09-24,Ongoing,,0,0,70,2020-09-24,2020-09-24
"UCMAS Demo Class 19th September","UCMAS Demo Class, Ghana , W 24-35, Parents + Interests","Testimonial Video Ad","15:00:00 - 15:59:59",2020-09-19,696,696,1,,,116.57,,2020-09-13,Ongoing,,6,0.86206897,167.48563218,2020-09-19,2020-09-19
"UCMAS Demo Class 19th September","UCMAS Demo Class, Ghana , W 24-35, Parents + Interests","Testimonial Video Ad","16:00:00 - 16:59:59",2020-09-19,589,589,1,,,84.96,,2020-09-13,Ongoing,,6,1.01867572,144.24448217,2020-09-19,2020-09-19
"UCMAS Demo Class 19th September","UCMAS Demo Class, Ghana , W 24-35, Parents + Interests","Testimonial Video Ad","13:00:00 - 13:59:59",2020-09-19,675,693,1.0266666666667,,,115.34,,2020-09-13,Ongoing,,9,1.2987013,166.43578644,2020-09-19,2020-09-19
"UCMAS Demo Class 19th September","UCMAS Demo Class, Ghana , W 24-35, Parents + Interests","Testimonial Video Ad","14:00:00 - 14:59:59",2020-09-19,676,679,1.0044378698225,"On-Facebook Leads",1,99.86,99.86,2020-09-13,Ongoing,0.14727540500736,6,0.88365243,147.06921944,2020-09-19,2020-09-19
"UCMAS Demo Class 19th September","UCMAS Demo Class, Ghana , W 24-35, Parents + Interests","Testimonial Video Ad","08:00:00 - 08:59:59",2020-09-19,651,663,1.0184331797235,"On-Facebook Leads",1,85.4,85.4,2020-09-13,Ongoing,0.15082956259427,9,1.35746606,128.80844646,2020-09-19,2020-09-19
"UCMAS Demo Class 19th September","UCMAS Demo Class, Ghana , W 24-35, Parents + Interests","Testimonial Video Ad","10:00:00 - 10:59:59",2020-09-19,858,868,1.011655011655,,,120.4,,2020-09-13,Ongoing,,6,0.69124424,138.70967742,2020-09-19,2020-09-19
"UCMAS Demo Class 19th September","UCMAS Demo Class, Ghana , W 24-35, Parents + Interests","Testimonial Video Ad","06:00:00 - 06:59:59",2020-09-19,466,466,1,"On-Facebook Leads",1,78.96,78.96,2020-09-13,Ongoing,0.21459227467811,12,2.5751073,169.44206009,2020-09-19,2020-09-19
"UCMAS Demo Class 19th September","UCMAS Demo Class, Ghana , W 24-35, Parents + Interests","Testimonial Video Ad","07:00:00 - 07:59:59",2020-09-19,433,433,1,,,58.86,,2020-09-13,Ongoing,,5,1.15473441,135.93533487,2020-09-19,2020-09-19
"UCMAS Demo Class 19th September","UCMAS Demo Class, Ghana , W 24-35, Parents + Interests","Testimonial Video Ad","05:00:00 - 05:59:59",2020-09-19,252,253,1.0039682539683,"On-Facebook Leads",1,47.11,47.11,2020-09-13,Ongoing,0.39525691699605,5,1.97628458,186.2055336,2020-09-19,2020-09-19
"UCMAS Demo Class 19th September","UCMAS Demo Class, Ghana , W 24-35, Parents + Interests","Testimonial Video Ad","04:00:00 - 04:59:59",2020-09-19,133,134,1.0075187969925,,,16.57,,2020-09-13,Ongoing,,0,0,123.65671642,2020-09-19,2020-09-19
"UCMAS Demo Class 19th September","UCMAS Demo Class, Ghana , W 24-35, Parents + Interests","Testimonial Video Ad","03:00:00 - 03:59:59",2020-09-19,5,5,1,,,0.46,,2020-09-13,Ongoing,,0,0,92,2020-09-19,2020-09-19
"UCMAS Demo Class 19th September","UCMAS Demo Class, Ghana , W 24-35, Parents + Interests","Testimonial Video Ad","12:00:00 - 12:59:59",2020-09-19,772,784,1.0155440414508,,,119.62,,2020-09-13,Ongoing,,7,0.89285714,152.57653061,2020-09-19,2020-09-19
"UCMAS Demo Class 19th September","UCMAS Demo Class, Ghana , W 24-35, Parents + Interests","Testimonial Video Ad","09:00:00 - 09:59:59",2020-09-19,750,750,1,"On-Facebook Leads",1,101.5,101.5,2020-09-13,Ongoing,0.13333333333333,9,1.2,135.33333333,2020-09-19,2020-09-19
"UCMAS Demo Class 19th September","UCMAS Demo Class, Ghana , W 24-35, Parents + Interests","Testimonial Video Ad","11:00:00 - 11:59:59",2020-09-19,645,657,1.0186046511628,"On-Facebook Leads",1,106.34,106.34,2020-09-13,Ongoing,0.15220700152207,10,1.52207002,161.85692542,2020-09-19,2020-09-19
"UCMAS 2nd Ad Demo Class 19th September","UCMAS Demo Class, Ghana , W 24-35, Parents + Interests","Image Ad","11:00:00 - 11:59:59",2020-09-19,726,747,1.0289256198347,"On-Facebook Leads",1,109.39,109.39,2020-09-15,Ongoing,0.1338688085676,7,0.93708166,146.43908969,2020-09-19,2020-09-19
"UCMAS 2nd Ad Demo Class 19th September","UCMAS Demo Class, Ghana , W 24-35, Parents + Interests","Image Ad","20:00:00 - 20:59:59",2020-09-19,951,982,1.0325972660358,"On-Facebook Leads",1,143.18,143.18,2020-09-15,Ongoing,0.10183299389002,8,0.81466395,145.80448065,2020-09-19,2020-09-19
"UCMAS 2nd Ad Demo Class 19th September","UCMAS Demo Class, Ghana , W 24-35, Parents + Interests","Image Ad","15:00:00 - 15:59:59",2020-09-19,948,950,1.0021097046414,"On-Facebook Leads",1,136.24,136.24,2020-09-15,Ongoing,0.10526315789474,17,1.78947368,143.41052632,2020-09-19,2020-09-19
"UCMAS 2nd Ad Demo Class 19th September","UCMAS Demo Class, Ghana , W 24-35, Parents + Interests","Image Ad","22:00:00 - 22:59:59",2020-09-19,936,936,1,,,131.35,,2020-09-15,Ongoing,,13,1.38888889,140.33119658,2020-09-19,2020-09-19
"UCMAS 2nd Ad Demo Class 19th September","UCMAS Demo Class, Ghana , W 24-35, Parents + Interests","Image Ad","13:00:00 - 13:59:59",2020-09-19,847,884,1.0436835891381,,,136.59,,2020-09-15,Ongoing,,4,0.45248869,154.51357466,2020-09-19,2020-09-19
"UCMAS 2nd Ad Demo Class 19th September","UCMAS Demo Class, Ghana , W 24-35, Parents + Interests","Image Ad","14:00:00 - 14:59:59",2020-09-19,855,880,1.0292397660819,,,132.88,,2020-09-15,Ongoing,,8,0.90909091,151,2020-09-19,2020-09-19
"UCMAS 2nd Ad Demo Class 19th September","UCMAS Demo Class, Ghana , W 24-35, Parents + Interests","Image Ad","12:00:00 - 12:59:59",2020-09-19,850,852,1.0023529411765,"On-Facebook Leads",2,122.92,61.46,2020-09-15,Ongoing,0.23474178403756,5,0.58685446,144.27230047,2020-09-19,2020-09-19
"UCMAS 2nd Ad Demo Class 19th September","UCMAS Demo Class, Ghana , W 24-35, Parents + Interests","Image Ad","16:00:00 - 16:59:59",2020-09-19,772,772,1,,,110.54,,2020-09-15,Ongoing,,12,1.55440415,143.1865285,2020-09-19,2020-09-19
"UCMAS 2nd Ad Demo Class 19th September","UCMAS Demo Class, Ghana , W 24-35, Parents + Interests","Image Ad","10:00:00 - 10:59:59",2020-09-19,679,702,1.0338733431517,,,109.98,,2020-09-15,Ongoing,,6,0.85470085,156.66666667,2020-09-19,2020-09-19
"UCMAS 2nd Ad Demo Class 19th September","UCMAS Demo Class, Ghana , W 24-35, Parents + Interests","Image Ad","07:00:00 - 07:59:59",2020-09-19,680,680,1,,,102.72,,2020-09-15,Ongoing,,13,1.91176471,151.05882353,2020-09-19,2020-09-19
"UCMAS 2nd Ad Demo Class 19th September","UCMAS Demo Class, Ghana , W 24-35, Parents + Interests","Image Ad","23:00:00 - 23:59:59",2020-09-19,605,617,1.0198347107438,"On-Facebook Leads",2,89.53,44.765,2020-09-15,Ongoing,0.32414910858995,19,3.07941653,145.10534846,2020-09-19,2020-09-19
"UCMAS 2nd Ad Demo Class 19th September","UCMAS Demo Class, Ghana , W 24-35, Parents + Interests","Image Ad","06:00:00 - 06:59:59",2020-09-19,570,570,1,,,85.61,,2020-09-15,Ongoing,,6,1.05263158,150.19298246,2020-09-19,2020-09-19
"UCMAS 2nd Ad Demo Class 19th September","UCMAS Demo Class, Ghana , W 24-35, Parents + Interests","Image Ad","08:00:00 - 08:59:59",2020-09-19,559,568,1.0161001788909,,,71.64,,2020-09-15,Ongoing,,3,0.52816901,126.12676056,2020-09-19,2020-09-19
"UCMAS 2nd Ad Demo Class 19th September","UCMAS Demo Class, Ghana , W 24-35, Parents + Interests","Image Ad","19:00:00 - 19:59:59",2020-09-19,469,469,1,,,78.86,,2020-09-15,Ongoing,,5,1.06609808,168.14498934,2020-09-19,2020-09-19
"UCMAS 2nd Ad Demo Class 19th September","UCMAS Demo Class, Ghana , W 24-35, Parents + Interests","Image Ad","09:00:00 - 09:59:59",2020-09-19,441,441,1,,,60.94,,2020-09-15,Ongoing,,1,0.22675737,138.18594104,2020-09-19,2020-09-19
"UCMAS 2nd Ad Demo Class 19th September","UCMAS Demo Class, Ghana , W 24-35, Parents + Interests","Image Ad","00:00:00 - 00:59:59",2020-09-19,413,417,1.0096852300242,,,66.78,,2020-09-15,Ongoing,,1,0.23980815,160.14388489,2020-09-19,2020-09-19
"UCMAS 2nd Ad Demo Class 19th September","UCMAS Demo Class, Ghana , W 24-35, Parents + Interests","Image Ad","01:00:00 - 01:59:59",2020-09-19,239,245,1.0251046025105,,,31.99,,2020-09-15,Ongoing,,5,2.04081633,130.57142857,2020-09-19,2020-09-19
"UCMAS 2nd Ad Demo Class 19th September","UCMAS Demo Class, Ghana , W 24-35, Parents + Interests","Image Ad","05:00:00 - 05:59:59",2020-09-19,214,215,1.0046728971963,,,36.11,,2020-09-15,Ongoing,,0,0,167.95348837,2020-09-19,2020-09-19
"UCMAS 2nd Ad Demo Class 19th September","UCMAS Demo Class, Ghana , W 24-35, Parents + Interests","Image Ad","03:00:00 - 03:59:59",2020-09-19,184,186,1.0108695652174,,,30.18,,2020-09-15,Ongoing,,3,1.61290323,162.25806452,2020-09-19,2020-09-19
"UCMAS 2nd Ad Demo Class 19th September","UCMAS Demo Class, Ghana , W 24-35, Parents + Interests","Image Ad","04:00:00 - 04:59:59",2020-09-19,175,176,1.0057142857143,,,24.17,,2020-09-15,Ongoing,,2,1.13636364,137.32954545,2020-09-19,2020-09-19
"UCMAS 2nd Ad Demo Class 19th September","UCMAS Demo Class, Ghana , W 24-35, Parents + Interests","Image Ad","02:00:00 - 02:59:59",2020-09-19,154,154,1,,,24.86,,2020-09-15,Ongoing,,3,1.94805195,161.42857143,2020-09-19,2020-09-19
"UCMAS 2nd Ad Demo Class 19th September","UCMAS Demo Class, Ghana , W 24-35, Parents + Interests","Image Ad","18:00:00 - 18:59:59",2020-09-19,130,132,1.0153846153846,"On-Facebook Leads",1,19.39,19.39,2020-09-15,Ongoing,0.75757575757576,6,4.54545455,146.89393939,2020-09-19,2020-09-19
"UCMAS 2nd Ad Demo Class 19th September","UCMAS Demo Class, Ghana , W 24-35, Parents + Interests","Image Ad","21:00:00 - 21:59:59",2020-09-19,1069,1069,1,"On-Facebook Leads",1,141.39,141.39,2020-09-15,Ongoing,0.09354536950421,8,0.74836296,132.26379794,2020-09-19,2020-09-19
"UCMAS 2nd Ad Demo Class 19th September","UCMAS Demo Class, Ghana , W 24-35, Parents + Interests","Image Ad","12:00:00 - 12:59:59",2020-09-18,672,672,1,"On-Facebook Leads",1,89.75,89.75,2020-09-15,Ongoing,0.14880952380952,11,1.63690476,133.55654762,2020-09-18,2020-09-18
"UCMAS 2nd Ad Demo Class 19th September","UCMAS Demo Class, Ghana , W 24-35, Parents + Interests","Image Ad","21:00:00 - 21:59:59",2020-09-18,875,909,1.0388571428571,"On-Facebook Leads",3,147.82,49.273333333333,2020-09-15,Ongoing,0.33003300330033,32,3.52035204,162.61826183,2020-09-18,2020-09-18
"UCMAS 2nd Ad Demo Class 19th September","UCMAS Demo Class, Ghana , W 24-35, Parents + Interests","Image Ad","20:00:00 - 20:59:59",2020-09-18,947,963,1.0168954593453,"On-Facebook Leads",3,146.87,48.956666666667,2020-09-15,Ongoing,0.31152647975078,23,2.38836968,152.51298027,2020-09-18,2020-09-18
"UCMAS 2nd Ad Demo Class 19th September","UCMAS Demo Class, Ghana , W 24-35, Parents + Interests","Image Ad","16:00:00 - 16:59:59",2020-09-18,647,657,1.015455950541,"On-Facebook Leads",3,87.27,29.09,2020-09-15,Ongoing,0.45662100456621,13,1.97869102,132.83105023,2020-09-18,2020-09-18
"UCMAS 2nd Ad Demo Class 19th September","UCMAS Demo Class, Ghana , W 24-35, Parents + Interests","Image Ad","04:00:00 - 04:59:59",2020-09-18,183,184,1.0054644808743,,,31.51,,2020-09-15,Ongoing,,5,2.7173913,171.25,2020-09-18,2020-09-18
"UCMAS 2nd Ad Demo Class 19th September","UCMAS Demo Class, Ghana , W 24-35, Parents + Interests","Image Ad","10:00:00 - 10:59:59",2020-09-18,587,587,1,,,91.02,,2020-09-15,Ongoing,,10,1.70357751,155.05962521,2020-09-18,2020-09-18
"UCMAS 2nd Ad Demo Class 19th September","UCMAS Demo Class, Ghana , W 24-35, Parents + Interests","Image Ad","22:00:00 - 22:59:59",2020-09-18,658,683,1.0379939209726,,,90.75,,2020-09-15,Ongoing,,12,1.75695461,132.86969253,2020-09-18,2020-09-18
"UCMAS 2nd Ad Demo Class 19th September","UCMAS Demo Class, Ghana , W 24-35, Parents + Interests","Image Ad","13:00:00 - 13:59:59",2020-09-18,675,705,1.0444444444444,,,94.88,,2020-09-15,Ongoing,,6,0.85106383,134.58156028,2020-09-18,2020-09-18
"UCMAS 2nd Ad Demo Class 19th September","UCMAS Demo Class, Ghana , W 24-35, Parents + Interests","Image Ad","15:00:00 - 15:59:59",2020-09-18,727,727,1,"On-Facebook Leads",2,108.08,54.04,2020-09-15,Ongoing,0.27510316368638,13,1.78817056,148.66574966,2020-09-18,2020-09-18
"UCMAS 2nd Ad Demo Class 19th September","UCMAS Demo Class, Ghana , W 24-35, Parents + Interests","Image Ad","02:00:00 - 02:59:59",2020-09-18,183,190,1.0382513661202,,,25.18,,2020-09-15,Ongoing,,2,1.05263158,132.52631579,2020-09-18,2020-09-18
"UCMAS Demo Class 19th September","UCMAS Demo Class, Ghana , W 24-35, Parents + Interests","Testimonial Video Ad","19:00:00 - 19:59:59",2020-09-18,21,21,1,,,4.5,,2020-09-13,Ongoing,,0,0,214.28571429,2020-09-18,2020-09-18
"UCMAS 2nd Ad Demo Class 19th September","UCMAS Demo Class, Ghana , W 24-35, Parents + Interests","Image Ad","17:00:00 - 17:59:59",2020-09-18,649,649,1,,,103.72,,2020-09-15,Ongoing,,1,0.1540832,159.81510015,2020-09-18,2020-09-18
"UCMAS 2nd Ad Demo Class 19th September","UCMAS Demo Class, Ghana , W 24-35, Parents + Interests","Image Ad","07:00:00 - 07:59:59",2020-09-18,619,637,1.0290791599354,"On-Facebook Leads",2,97.37,48.685,2020-09-15,Ongoing,0.31397174254317,13,2.04081633,152.85714286,2020-09-18,2020-09-18
"UCMAS 2nd Ad Demo Class 19th September","UCMAS Demo Class, Ghana , W 24-35, Parents + Interests","Image Ad","09:00:00 - 09:59:59",2020-09-18,620,620,1,"On-Facebook Leads",2,93.83,46.915,2020-09-15,Ongoing,0.32258064516129,18,2.90322581,151.33870968,2020-09-18,2020-09-18
"UCMAS 2nd Ad Demo Class 19th September","UCMAS Demo Class, Ghana , W 24-35, Parents + Interests","Image Ad","08:00:00 - 08:59:59",2020-09-18,604,619,1.0248344370861,,,84.82,,2020-09-15,Ongoing,,6,0.96930533,137.02746365,2020-09-18,2020-09-18
"UCMAS Demo Class 19th September","UCMAS Demo Class, Ghana , W 24-35, Parents + Interests","Testimonial Video Ad","18:00:00 - 18:59:59",2020-09-18,90,90,1,,,17.19,,2020-09-13,Ongoing,,1,1.11111111,191,2020-09-18,2020-09-18
"UCMAS 2nd Ad Demo Class 19th September","UCMAS Demo Class, Ghana , W 24-35, Parents + Interests","Image Ad","19:00:00 - 19:59:59",2020-09-18,558,558,1,,,92.01,,2020-09-15,Ongoing,,9,1.61290323,164.89247312,2020-09-18,2020-09-18
"UCMAS 2nd Ad Demo Class 19th September","UCMAS Demo Class, Ghana , W 24-35, Parents + Interests","Image Ad","06:00:00 - 06:59:59",2020-09-18,503,504,1.0019880715706,,,73.63,,2020-09-15,Ongoing,,11,2.18253968,146.09126984,2020-09-18,2020-09-18
"UCMAS 2nd Ad Demo Class 19th September","UCMAS Demo Class, Ghana , W 24-35, Parents + Interests","Image Ad","11:00:00 - 11:59:59",2020-09-18,486,487,1.0020576131687,,,89.03,,2020-09-15,Ongoing,,5,1.02669405,182.81314168,2020-09-18,2020-09-18
"UCMAS 2nd Ad Demo Class 19th September","UCMAS Demo Class, Ghana , W 24-35, Parents + Interests","Image Ad","23:00:00 - 23:59:59",2020-09-18,461,461,1,,,69.57,,2020-09-15,Ongoing,,7,1.51843818,150.91106291,2020-09-18,2020-09-18
"UCMAS 2nd Ad Demo Class 19th September","UCMAS Demo Class, Ghana , W 24-35, Parents + Interests","Image Ad","18:00:00 - 18:59:59",2020-09-18,429,434,1.011655011655,,,67.51,,2020-09-15,Ongoing,,3,0.69124424,155.55299539,2020-09-18,2020-09-18
"UCMAS 2nd Ad Demo Class 19th September","UCMAS Demo Class, Ghana , W 24-35, Parents + Interests","Image Ad","05:00:00 - 05:59:59",2020-09-18,318,318,1,,,48.21,,2020-09-15,Ongoing,,9,2.83018868,151.60377358,2020-09-18,2020-09-18
"UCMAS 2nd Ad Demo Class 19th September","UCMAS Demo Class, Ghana , W 24-35, Parents + Interests","Image Ad","00:00:00 - 00:59:59",2020-09-18,284,288,1.0140845070423,,,42.7,,2020-09-15,Ongoing,,4,1.38888889,148.26388889,2020-09-18,2020-09-18
"UCMAS 2nd Ad Demo Class 19th September","UCMAS Demo Class, Ghana , W 24-35, Parents + Interests","Image Ad","03:00:00 - 03:59:59",2020-09-18,188,193,1.0265957446809,,,33.11,,2020-09-15,Ongoing,,6,3.10880829,171.55440415,2020-09-18,2020-09-18
"UCMAS 2nd Ad Demo Class 19th September","UCMAS Demo Class, Ghana , W 24-35, Parents + Interests","Image Ad","14:00:00 - 14:59:59",2020-09-18,744,756,1.0161290322581,"On-Facebook Leads",1,116.58,116.58,2020-09-15,Ongoing,0.13227513227513,7,0.92592593,154.20634921,2020-09-18,2020-09-18
"UCMAS 2nd Ad Demo Class 19th September","UCMAS Demo Class, Ghana , W 24-35, Parents + Interests","Image Ad","01:00:00 - 01:59:59",2020-09-18,233,240,1.0300429184549,,,34.29,,2020-09-15,Ongoing,,4,1.66666667,142.875,2020-09-18,2020-09-18
"UCMAS 2nd Ad Demo Class 19th September","UCMAS Demo Class, Ghana , W 24-35, Parents + Interests","Image Ad","06:00:00 - 06:59:59",2020-09-17,451,469,1.039911308204,,,66.73,,2020-09-15,Ongoing,,18,3.83795309,142.28144989,2020-09-17,2020-09-17
"UCMAS 2nd Ad Demo Class 19th September","UCMAS Demo Class, Ghana , W 24-35, Parents + Interests","Image Ad","14:00:00 - 14:59:59",2020-09-17,901,901,1,,,115.88,,2020-09-15,Ongoing,,24,2.66370699,128.61265261,2020-09-17,2020-09-17
"UCMAS 2nd Ad Demo Class 19th September","UCMAS Demo Class, Ghana , W 24-35, Parents + Interests","Image Ad","19:00:00 - 19:59:59",2020-09-17,867,873,1.0069204152249,"On-Facebook Leads",2,121.13,60.565,2020-09-15,Ongoing,0.2290950744559,43,4.9255441,138.75143184,2020-09-17,2020-09-17
"UCMAS 2nd Ad Demo Class 19th September","UCMAS Demo Class, Ghana , W 24-35, Parents + Interests","Image Ad","20:00:00 - 20:59:59",2020-09-17,855,856,1.0011695906433,,,114.95,,2020-09-15,Ongoing,,25,2.92056075,134.28738318,2020-09-17,2020-09-17
"UCMAS 2nd Ad Demo Class 19th September","UCMAS Demo Class, Ghana , W 24-35, Parents + Interests","Image Ad","21:00:00 - 21:59:59",2020-09-17,811,813,1.0024660912454,,,122.95,,2020-09-15,Ongoing,,21,2.58302583,151.2300123,2020-09-17,2020-09-17
"UCMAS 2nd Ad Demo Class 19th September","UCMAS Demo Class, Ghana , W 24-35, Parents + Interests","Image Ad","07:00:00 - 07:59:59",2020-09-17,456,459,1.0065789473684,"On-Facebook Leads",1,66.5,66.5,2020-09-15,Ongoing,0.21786492374728,13,2.83224401,144.88017429,2020-09-17,2020-09-17
"UCMAS 2nd Ad Demo Class 19th September","UCMAS Demo Class, Ghana , W 24-35, Parents + Interests","Image Ad","18:00:00 - 18:59:59",2020-09-17,647,677,1.0463678516229,,,100.73,,2020-09-15,Ongoing,,15,2.21565731,148.788774,2020-09-17,2020-09-17
"UCMAS 2nd Ad Demo Class 19th September","UCMAS Demo Class, Ghana , W 24-35, Parents + Interests","Image Ad","10:00:00 - 10:59:59",2020-09-17,504,514,1.0198412698413,,,75.05,,2020-09-15,Ongoing,,13,2.52918288,146.01167315,2020-09-17,2020-09-17
"UCMAS 2nd Ad Demo Class 19th September","UCMAS Demo Class, Ghana , W 24-35, Parents + Interests","Image Ad","22:00:00 - 22:59:59",2020-09-17,558,558,1,"On-Facebook Leads",1,86.99,86.99,2020-09-15,Ongoing,0.17921146953405,14,2.50896057,155.89605735,2020-09-17,2020-09-17
"UCMAS 2nd Ad Demo Class 19th September","UCMAS Demo Class, Ghana , W 24-35, Parents + Interests","Image Ad","13:00:00 - 13:59:59",2020-09-17,641,641,1,,,91.95,,2020-09-15,Ongoing,,5,0.7800312,143.44773791,2020-09-17,2020-09-17
"UCMAS 2nd Ad Demo Class 19th September","UCMAS Demo Class, Ghana , W 24-35, Parents + Interests","Image Ad","12:00:00 - 12:59:59",2020-09-17,661,668,1.0105900151286,"On-Facebook Leads",1,108.59,108.59,2020-09-15,Ongoing,0.1497005988024,16,2.39520958,162.55988024,2020-09-17,2020-09-17
"UCMAS 2nd Ad Demo Class 19th September","UCMAS Demo Class, Ghana , W 24-35, Parents + Interests","Image Ad","11:00:00 - 11:59:59",2020-09-17,690,701,1.0159420289855,"On-Facebook Leads",2,96.11,48.055,2020-09-15,Ongoing,0.28530670470756,21,2.9957204,137.10413695,2020-09-17,2020-09-17
"UCMAS 2nd Ad Demo Class 19th September","UCMAS Demo Class, Ghana , W 24-35, Parents + Interests","Image Ad","16:00:00 - 16:59:59",2020-09-17,716,720,1.0055865921788,,,106.09,,2020-09-15,Ongoing,,18,2.5,147.34722222,2020-09-17,2020-09-17
"UCMAS 2nd Ad Demo Class 19th September","UCMAS Demo Class, Ghana , W 24-35, Parents + Interests","Image Ad","17:00:00 - 17:59:59",2020-09-17,766,785,1.0248041775457,"On-Facebook Leads",1,111.13,111.13,2020-09-15,Ongoing,0.12738853503185,17,2.1656051,141.56687898,2020-09-17,2020-09-17
"UCMAS 2nd Ad Demo Class 19th September","UCMAS Demo Class, Ghana , W 24-35, Parents + Interests","Image Ad","15:00:00 - 15:59:59",2020-09-17,791,802,1.0139064475348,"On-Facebook Leads",1,130.85,130.85,2020-09-15,Ongoing,0.12468827930175,13,1.62094763,163.15461347,2020-09-17,2020-09-17
"UCMAS 2nd Ad Demo Class 19th September","UCMAS Demo Class, Ghana , W 24-35, Parents + Interests","Image Ad","09:00:00 - 09:59:59",2020-09-17,425,430,1.0117647058824,"On-Facebook Leads",1,63.16,63.16,2020-09-15,Ongoing,0.23255813953488,14,3.25581395,146.88372093,2020-09-17,2020-09-17
"UCMAS 2nd Ad Demo Class 19th September","UCMAS Demo Class, Ghana , W 24-35, Parents + Interests","Image Ad","08:00:00 - 08:59:59",2020-09-17,416,416,1,,,57.43,,2020-09-15,Ongoing,,5,1.20192308,138.05288462,2020-09-17,2020-09-17
"UCMAS 2nd Ad Demo Class 19th September","UCMAS Demo Class, Ghana , W 24-35, Parents + Interests","Image Ad","05:00:00 - 05:59:59",2020-09-17,311,311,1,,,50.42,,2020-09-15,Ongoing,,12,3.8585209,162.1221865,2020-09-17,2020-09-17
"UCMAS 2nd Ad Demo Class 19th September","UCMAS Demo Class, Ghana , W 24-35, Parents + Interests","Image Ad","04:00:00 - 04:59:59",2020-09-17,185,186,1.0054054054054,,,32.87,,2020-09-15,Ongoing,,6,3.22580645,176.72043011,2020-09-17,2020-09-17
"UCMAS Demo Class 19th September","UCMAS Demo Class, Ghana , W 24-35, Parents + Interests","Testimonial Video Ad","17:00:00 - 17:59:59",2020-09-17,517,519,1.0038684719536,,,80.96,,2020-09-13,Ongoing,,9,1.73410405,155.99229287,2020-09-17,2020-09-17
"UCMAS 2nd Ad Demo Class 19th September","UCMAS Demo Class, Ghana , W 24-35, Parents + Interests","Image Ad","23:00:00 - 23:59:59",2020-09-17,347,363,1.0461095100865,,,63.19,,2020-09-15,Ongoing,,7,1.92837466,174.07713499,2020-09-17,2020-09-17
"UCMAS 2nd Ad Demo Class 19th September","UCMAS Demo Class, Ghana , W 24-35, Parents + Interests","Image Ad","01:00:00 - 01:59:59",2020-09-17,100,102,1.02,,,18.2,,2020-09-15,Ongoing,,3,2.94117647,178.43137255,2020-09-17,2020-09-17
"UCMAS 2nd Ad Demo Class 19th September","UCMAS Demo Class, Ghana , W 24-35, Parents + Interests","Image Ad","02:00:00 - 02:59:59",2020-09-17,108,110,1.0185185185185,"On-Facebook Leads",1,39.95,39.95,2020-09-15,Ongoing,0.90909090909091,6,5.45454545,363.18181818,2020-09-17,2020-09-17
"UCMAS 2nd Ad Demo Class 19th September","UCMAS Demo Class, Ghana , W 24-35, Parents + Interests","Image Ad","03:00:00 - 03:59:59",2020-09-17,149,150,1.006711409396,,,34.43,,2020-09-15,Ongoing,,2,1.33333333,229.53333333,2020-09-17,2020-09-17
"UCMAS 2nd Ad Demo Class 19th September","UCMAS Demo Class, Ghana , W 24-35, Parents + Interests","Image Ad","00:00:00 - 00:59:59",2020-09-17,179,181,1.0111731843575,"On-Facebook Leads",1,31.44,31.44,2020-09-15,Ongoing,0.5524861878453,7,3.86740331,173.70165746,2020-09-17,2020-09-17
"UCMAS Demo Class 19th September","UCMAS Demo Class, Ghana , W 24-35, Parents + Interests","Testimonial Video Ad","20:00:00 - 20:59:59",2020-09-17,834,834,1,"On-Facebook Leads",1,97.31,97.31,2020-09-13,Ongoing,0.11990407673861,12,1.43884892,116.67865707,2020-09-17,2020-09-17
"UCMAS Demo Class 19th September","UCMAS Demo Class, Ghana , W 24-35, Parents + Interests","Testimonial Video Ad","21:00:00 - 21:59:59",2020-09-17,744,746,1.002688172043,"On-Facebook Leads",1,88.92,88.92,2020-09-13,Ongoing,0.13404825737265,19,2.54691689,119.19571046,2020-09-17,2020-09-17
"UCMAS Demo Class 19th September","UCMAS Demo Class, Ghana , W 24-35, Parents + Interests","Testimonial Video Ad","14:00:00 - 14:59:59",2020-09-17,634,659,1.0394321766562,"On-Facebook Leads",1,85.56,85.56,2020-09-13,Ongoing,0.15174506828528,8,1.21396055,129.83308042,2020-09-17,2020-09-17
"UCMAS Demo Class 19th September","UCMAS Demo Class, Ghana , W 24-35, Parents + Interests","Testimonial Video Ad","15:00:00 - 15:59:59",2020-09-17,600,606,1.01,"On-Facebook Leads",1,86.05,86.05,2020-09-13,Ongoing,0.16501650165017,11,1.81518152,141.99669967,2020-09-17,2020-09-17
"UCMAS Demo Class 19th September","UCMAS Demo Class, Ghana , W 24-35, Parents + Interests","Testimonial Video Ad","11:00:00 - 11:59:59",2020-09-17,571,584,1.0227670753065,"On-Facebook Leads",2,80.02,40.01,2020-09-13,Ongoing,0.34246575342466,10,1.71232877,137.02054795,2020-09-17,2020-09-17
"UCMAS Demo Class 19th September","UCMAS Demo Class, Ghana , W 24-35, Parents + Interests","Testimonial Video Ad","16:00:00 - 16:59:59",2020-09-17,530,544,1.0264150943396,,,75.96,,2020-09-13,Ongoing,,4,0.73529412,139.63235294,2020-09-17,2020-09-17
"UCMAS Demo Class 19th September","UCMAS Demo Class, Ghana , W 24-35, Parents + Interests","Testimonial Video Ad","22:00:00 - 22:59:59",2020-09-17,525,525,1,"On-Facebook Leads",1,70.34,70.34,2020-09-13,Ongoing,0.19047619047619,12,2.28571429,133.98095238,2020-09-17,2020-09-17
"UCMAS Demo Class 19th September","UCMAS Demo Class, Ghana , W 24-35, Parents + Interests","Testimonial Video Ad","13:00:00 - 13:59:59",2020-09-17,605,605,1,,,78.68,,2020-09-13,Ongoing,,4,0.66115702,130.04958678,2020-09-17,2020-09-17
"UCMAS Demo Class 19th September","UCMAS Demo Class, Ghana , W 24-35, Parents + Interests","Testimonial Video Ad","12:00:00 - 12:59:59",2020-09-17,463,470,1.0151187904968,,,67.38,,2020-09-13,Ongoing,,4,0.85106383,143.36170213,2020-09-17,2020-09-17
"UCMAS Demo Class 19th September","UCMAS Demo Class, Ghana , W 24-35, Parents + Interests","Testimonial Video Ad","00:00:00 - 00:59:59",2020-09-17,250,251,1.004,,,34.2,,2020-09-13,Ongoing,,6,2.39043825,136.25498008,2020-09-17,2020-09-17
"UCMAS Demo Class 19th September","UCMAS Demo Class, Ghana , W 24-35, Parents + Interests","Testimonial Video Ad","04:00:00 - 04:59:59",2020-09-17,118,119,1.0084745762712,,,19.61,,2020-09-13,Ongoing,,3,2.5210084,164.78991597,2020-09-17,2020-09-17
"UCMAS Demo Class 19th September","UCMAS Demo Class, Ghana , W 24-35, Parents + Interests","Testimonial Video Ad","02:00:00 - 02:59:59",2020-09-17,145,147,1.0137931034483,,,22.08,,2020-09-13,Ongoing,,6,4.08163265,150.20408163,2020-09-17,2020-09-17
"UCMAS Demo Class 19th September","UCMAS Demo Class, Ghana , W 24-35, Parents + Interests","Testimonial Video Ad","01:00:00 - 01:59:59",2020-09-17,153,155,1.0130718954248,,,21.14,,2020-09-13,Ongoing,,5,3.22580645,136.38709677,2020-09-17,2020-09-17
"UCMAS Demo Class 19th September","UCMAS Demo Class, Ghana , W 24-35, Parents + Interests","Testimonial Video Ad","05:00:00 - 05:59:59",2020-09-17,200,203,1.015,,,32.68,,2020-09-13,Ongoing,,3,1.47783251,160.98522167,2020-09-17,2020-09-17
"UCMAS Demo Class 19th September","UCMAS Demo Class, Ghana , W 24-35, Parents + Interests","Testimonial Video Ad","18:00:00 - 18:59:59",2020-09-17,234,235,1.0042735042735,,,36.88,,2020-09-13,Ongoing,,3,1.27659574,156.93617021,2020-09-17,2020-09-17
"UCMAS Demo Class 19th September","UCMAS Demo Class, Ghana , W 24-35, Parents + Interests","Testimonial Video Ad","19:00:00 - 19:59:59",2020-09-17,456,468,1.0263157894737,"On-Facebook Leads",1,54.62,54.62,2020-09-13,Ongoing,0.21367521367521,13,2.77777778,116.70940171,2020-09-17,2020-09-17
"UCMAS Demo Class 19th September","UCMAS Demo Class, Ghana , W 24-35, Parents + Interests","Testimonial Video Ad","03:00:00 - 03:59:59",2020-09-17,108,110,1.0185185185185,,,19.24,,2020-09-13,Ongoing,,6,5.45454545,174.90909091,2020-09-17,2020-09-17
"UCMAS Demo Class 19th September","UCMAS Demo Class, Ghana , W 24-35, Parents + Interests","Testimonial Video Ad","06:00:00 - 06:59:59",2020-09-17,269,272,1.0111524163569,,,44.31,,2020-09-13,Ongoing,,7,2.57352941,162.90441176,2020-09-17,2020-09-17
"UCMAS Demo Class 19th September","UCMAS Demo Class, Ghana , W 24-35, Parents + Interests","Testimonial Video Ad","08:00:00 - 08:59:59",2020-09-17,296,303,1.0236486486486,,,43.52,,2020-09-13,Ongoing,,4,1.32013201,143.63036304,2020-09-17,2020-09-17
"UCMAS Demo Class 19th September","UCMAS Demo Class, Ghana , W 24-35, Parents + Interests","Testimonial Video Ad","07:00:00 - 07:59:59",2020-09-17,324,329,1.0154320987654,,,50.12,,2020-09-13,Ongoing,,4,1.21580547,152.34042553,2020-09-17,2020-09-17
"UCMAS Demo Class 19th September","UCMAS Demo Class, Ghana , W 24-35, Parents + Interests","Testimonial Video Ad","09:00:00 - 09:59:59",2020-09-17,406,406,1,"On-Facebook Leads",1,53.84,53.84,2020-09-13,Ongoing,0.24630541871921,6,1.47783251,132.61083744,2020-09-17,2020-09-17
"UCMAS Demo Class 19th September","UCMAS Demo Class, Ghana , W 24-35, Parents + Interests","Testimonial Video Ad","23:00:00 - 23:59:59",2020-09-17,406,406,1,,,53.08,,2020-09-13,Ongoing,,10,2.46305419,130.73891626,2020-09-17,2020-09-17
"UCMAS Demo Class 19th September","UCMAS Demo Class, Ghana , W 24-35, Parents + Interests","Testimonial Video Ad","10:00:00 - 10:59:59",2020-09-17,457,462,1.0109409190372,,,67.38,,2020-09-13,Ongoing,,10,2.16450216,145.84415584,2020-09-17,2020-09-17
"UCMAS 2nd Ad Demo Class 19th September","UCMAS Demo Class, Ghana , W 24-35, Parents + Interests","Image Ad","17:00:00 - 17:59:59",2020-09-16,721,721,1,"On-Facebook Leads",4,93.79,23.4475,2020-09-15,Ongoing,0.55478502080444,25,3.46740638,130.08321775,2020-09-16,2020-09-16
"UCMAS 2nd Ad Demo Class 19th September","UCMAS Demo Class, Ghana , W 24-35, Parents + Interests","Image Ad","18:00:00 - 18:59:59",2020-09-16,280,293,1.0464285714286,,,41.84,,2020-09-15,Ongoing,,4,1.36518771,142.79863481,2020-09-16,2020-09-16
"UCMAS Demo Class 19th September","UCMAS Demo Class, Ghana , W 24-35, Parents + Interests","Testimonial Video Ad","12:00:00 - 12:59:59",2020-09-16,569,586,1.0298769771529,"On-Facebook Leads",1,75.361638486458,75.361638486458,2020-09-13,Ongoing,0.17064846416382,12,2.04778157,128.60347865,2020-09-16,2020-09-16
"UCMAS Demo Class 19th September","UCMAS Demo Class, Ghana , W 24-35, Parents + Interests","Testimonial Video Ad","20:00:00 - 20:59:59",2020-09-16,879,880,1.0011376564278,,,119.07258883469,,2020-09-13,Ongoing,,11,1.25,135.30976004,2020-09-16,2020-09-16
"UCMAS Demo Class 19th September","UCMAS Demo Class, Ghana , W 24-35, Parents + Interests","Testimonial Video Ad","19:00:00 - 19:59:59",2020-09-16,852,852,1,"On-Facebook Leads",3,123.23267928193,41.077559760643,2020-09-13,Ongoing,0.35211267605634,21,2.46478873,144.63929493,2020-09-16,2020-09-16
"UCMAS Demo Class 19th September","UCMAS Demo Class, Ghana , W 24-35, Parents + Interests","Testimonial Video Ad","21:00:00 - 21:59:59",2020-09-16,725,725,1,"On-Facebook Leads",1,98.962151600583,98.962151600583,2020-09-13,Ongoing,0.13793103448276,13,1.79310345,136.49951945,2020-09-16,2020-09-16
"UCMAS Demo Class 19th September","UCMAS Demo Class, Ghana , W 24-35, Parents + Interests","Testimonial Video Ad","16:00:00 - 16:59:59",2020-09-16,679,689,1.0147275405007,,,80.471749588712,,2020-09-13,Ongoing,,9,1.30624093,116.79499215,2020-09-16,2020-09-16
"UCMAS Demo Class 19th September","UCMAS Demo Class, Ghana , W 24-35, Parents + Interests","Testimonial Video Ad","10:00:00 - 10:59:59",2020-09-16,661,669,1.0121028744327,,,70.531533472,,2020-09-13,Ongoing,,11,1.64424514,105.42830115,2020-09-16,2020-09-16
"UCMAS Demo Class 19th September","UCMAS Demo Class, Ghana , W 24-35, Parents + Interests","Testimonial Video Ad","11:00:00 - 11:59:59",2020-09-16,644,644,1,"On-Facebook Leads",1,74.461618918547,74.461618918547,2020-09-13,Ongoing,0.15527950310559,23,3.57142857,115.62363186,2020-09-16,2020-09-16
"UCMAS 2nd Ad Demo Class 19th September","UCMAS Demo Class, Ghana , W 24-35, Parents + Interests","Image Ad","16:00:00 - 16:59:59",2020-09-16,40,41,1.025,"On-Facebook Leads",1,4.84,4.84,2020-09-15,Ongoing,2.4390243902439,4,9.75609756,118.04878049,2020-09-16,2020-09-16
"UCMAS Demo Class 19th September","UCMAS Demo Class, Ghana , W 24-35, Parents + Interests","Testimonial Video Ad","13:00:00 - 13:59:59",2020-09-16,605,605,1,,,72.141568476819,,2020-09-13,Ongoing,,10,1.65289256,119.24226195,2020-09-16,2020-09-16
"UCMAS Demo Class 19th September","UCMAS Demo Class, Ghana , W 24-35, Parents + Interests","Testimonial Video Ad","09:00:00 - 09:59:59",2020-09-16,568,568,1,,,68.84149672781,,2020-09-13,Ongoing,,11,1.93661972,121.19981818,2020-09-16,2020-09-16
"UCMAS Demo Class 19th September","UCMAS Demo Class, Ghana , W 24-35, Parents + Interests","Testimonial Video Ad","03:00:00 - 03:59:59",2020-09-16,90,91,1.0111111111111,,,12.070262427436,,2020-09-13,Ongoing,,3,3.2967033,132.64024646,2020-09-16,2020-09-16
"UCMAS Demo Class 19th September","UCMAS Demo Class, Ghana , W 24-35, Parents + Interests","Testimonial Video Ad","23:00:00 - 23:59:59",2020-09-16,265,267,1.0075471698113,,,37.130807285061,,2020-09-13,Ongoing,,8,2.99625468,139.06669395,2020-09-16,2020-09-16
"UCMAS Demo Class 19th September","UCMAS Demo Class, Ghana , W 24-35, Parents + Interests","Testimonial Video Ad","05:00:00 - 05:59:59",2020-09-16,231,233,1.008658008658,,,29.920650524348,,2020-09-13,Ongoing,,8,3.43347639,128.41480912,2020-09-16,2020-09-16
"UCMAS Demo Class 19th September","UCMAS Demo Class, Ghana , W 24-35, Parents + Interests","Testimonial Video Ad","00:00:00 - 00:59:59",2020-09-16,151,153,1.0132450331126,,,23.900519636762,,2020-09-13,Ongoing,,3,1.96078431,156.21254665,2020-09-16,2020-09-16
"UCMAS Demo Class 19th September","UCMAS Demo Class, Ghana , W 24-35, Parents + Interests","Testimonial Video Ad","07:00:00 - 07:59:59",2020-09-16,369,370,1.0027100271003,,,43.98095621861,,2020-09-13,Ongoing,,12,3.24324324,118.86744924,2020-09-16,2020-09-16
"UCMAS Demo Class 19th September","UCMAS Demo Class, Ghana , W 24-35, Parents + Interests","Testimonial Video Ad","02:00:00 - 02:59:59",2020-09-16,92,94,1.0217391304348,,,12.740276994659,,2020-09-13,Ongoing,,4,4.25531915,135.53486165,2020-09-16,2020-09-16
"UCMAS Demo Class 19th September","UCMAS Demo Class, Ghana , W 24-35, Parents + Interests","Testimonial Video Ad","04:00:00 - 04:59:59",2020-09-16,100,102,1.02,,,11.840257426747,,2020-09-13,Ongoing,,3,2.94117647,116.08095516,2020-09-16,2020-09-16
"UCMAS Demo Class 19th September","UCMAS Demo Class, Ghana , W 24-35, Parents + Interests","Testimonial Video Ad","01:00:00 - 01:59:59",2020-09-16,90,91,1.0111111111111,,,12.240266123597,,2020-09-13,Ongoing,,5,5.49450549,134.50841894,2020-09-16,2020-09-16
"UCMAS Demo Class 19th September","UCMAS Demo Class, Ghana , W 24-35, Parents + Interests","Testimonial Video Ad","22:00:00 - 22:59:59",2020-09-16,401,406,1.0124688279302,,,58.541272783934,,2020-09-13,Ongoing,,6,1.47783251,144.19032705,2020-09-16,2020-09-16
"UCMAS Demo Class 19th September","UCMAS Demo Class, Ghana , W 24-35, Parents + Interests","Testimonial Video Ad","08:00:00 - 08:59:59",2020-09-16,433,433,1,"On-Facebook Leads",1,53.591165160421,53.591165160421,2020-09-13,Ongoing,0.23094688221709,18,4.15704388,123.76712508,2020-09-16,2020-09-16
"UCMAS Demo Class 19th September","UCMAS Demo Class, Ghana , W 24-35, Parents + Interests","Testimonial Video Ad","06:00:00 - 06:59:59",2020-09-16,433,437,1.0092378752887,,,58.291267348403,,2020-09-13,Ongoing,,15,3.43249428,133.3896278,2020-09-16,2020-09-16
"UCMAS Demo Class 19th September","UCMAS Demo Class, Ghana , W 24-35, Parents + Interests","Testimonial Video Ad","18:00:00 - 18:59:59",2020-09-16,457,487,1.0656455142232,"On-Facebook Leads",2,58.871279958835,29.435639979417,2020-09-13,Ongoing,0.41067761806982,22,4.5174538,120.88558513,2020-09-16,2020-09-16
"UCMAS Demo Class 19th September","UCMAS Demo Class, Ghana , W 24-35, Parents + Interests","Testimonial Video Ad","15:00:00 - 15:59:59",2020-09-16,486,492,1.0123456790123,,,56.211222124785,,2020-09-13,Ongoing,,6,1.2195122,114.25045147,2020-09-16,2020-09-16
"UCMAS Demo Class 19th September","UCMAS Demo Class, Ghana , W 24-35, Parents + Interests","Testimonial Video Ad","17:00:00 - 17:59:59",2020-09-16,493,493,1,,,62.22135279495,,2020-09-13,Ongoing,,9,1.82555781,126.20964056,2020-09-16,2020-09-16
"UCMAS Demo Class 19th September","UCMAS Demo Class, Ghana , W 24-35, Parents + Interests","Testimonial Video Ad","14:00:00 - 14:59:59",2020-09-16,543,544,1.0018416206262,,,65.211417803901,,2020-09-13,Ongoing,,9,1.65441176,119.87392979,2020-09-16,2020-09-16
"UCMAS Demo Class 19th September","UCMAS Demo Class, Ghana , W 24-35, Parents + Interests","Testimonial Video Ad","22:00:00 - 22:59:59",2020-09-15,1189,1195,1.0050462573591,"On-Facebook Leads",1,170.99,170.99,2020-09-13,Ongoing,0.083682008368201,27,2.25941423,143.08786611,2020-09-15,2020-09-15
"UCMAS Demo Class 19th September","UCMAS Demo Class, Ghana , W 24-35, Parents + Interests","Testimonial Video Ad","10:00:00 - 10:59:59",2020-09-15,870,875,1.0057471264368,,,103.48,,2020-09-13,Ongoing,,13,1.48571429,118.26285714,2020-09-15,2020-09-15
"UCMAS Demo Class 19th September","UCMAS Demo Class, Ghana , W 24-35, Parents + Interests","Testimonial Video Ad","11:00:00 - 11:59:59",2020-09-15,620,623,1.0048387096774,"On-Facebook Leads",2,81.24,40.62,2020-09-13,Ongoing,0.32102728731942,16,2.5682183,130.40128411,2020-09-15,2020-09-15
"UCMAS Demo Class 19th September","UCMAS Demo Class, Ghana , W 24-35, Parents + Interests","Testimonial Video Ad","12:00:00 - 12:59:59",2020-09-15,569,578,1.0158172231986,,,83.84,,2020-09-13,Ongoing,,12,2.07612457,145.05190311,2020-09-15,2020-09-15
"UCMAS Demo Class 19th September","UCMAS Demo Class, Ghana , W 24-35, Parents + Interests","Testimonial Video Ad","08:00:00 - 08:59:59",2020-09-15,539,547,1.0148423005566,"On-Facebook Leads",1,74.47,74.47,2020-09-13,Ongoing,0.18281535648995,18,3.29067642,136.14259598,2020-09-15,2020-09-15
"UCMAS Demo Class 19th September","UCMAS Demo Class, Ghana , W 24-35, Parents + Interests","Testimonial Video Ad","21:00:00 - 21:59:59",2020-09-15,499,513,1.0280561122244,"On-Facebook Leads",1,73.74,73.74,2020-09-13,Ongoing,0.19493177387914,12,2.33918129,143.74269006,2020-09-15,2020-09-15
"UCMAS Demo Class 19th September","UCMAS Demo Class, Ghana , W 24-35, Parents + Interests","Testimonial Video Ad","06:00:00 - 06:59:59",2020-09-15,508,508,1,,,72.75,,2020-09-13,Ongoing,,7,1.37795276,143.20866142,2020-09-15,2020-09-15
"UCMAS Demo Class 19th September","UCMAS Demo Class, Ghana , W 24-35, Parents + Interests","Testimonial Video Ad","13:00:00 - 13:59:59",2020-09-15,485,485,1,,,59.96,,2020-09-13,Ongoing,,9,1.8556701,123.62886598,2020-09-15,2020-09-15
"UCMAS Demo Class 19th September","UCMAS Demo Class, Ghana , W 24-35, Parents + Interests","Testimonial Video Ad","15:00:00 - 15:59:59",2020-09-15,499,499,1,"On-Facebook Leads",2,68.68,34.34,2020-09-13,Ongoing,0.40080160320641,10,2.00400802,137.63527054,2020-09-15,2020-09-15
"UCMAS Demo Class 19th September","UCMAS Demo Class, Ghana , W 24-35, Parents + Interests","Testimonial Video Ad","16:00:00 - 16:59:59",2020-09-15,475,475,1,,,74.58,,2020-09-13,Ongoing,,13,2.73684211,157.01052632,2020-09-15,2020-09-15
"UCMAS Demo Class 19th September","UCMAS Demo Class, Ghana , W 24-35, Parents + Interests","Testimonial Video Ad","18:00:00 - 18:59:59",2020-09-15,20,20,1,"On-Facebook Leads",1,2.04,2.04,2020-09-13,Ongoing,5,2,10,102,2020-09-15,2020-09-15
"UCMAS Demo Class 19th September","UCMAS Demo Class, Ghana , W 24-35, Parents + Interests","Testimonial Video Ad","03:00:00 - 03:59:59",2020-09-15,99,99,1,,,17.12,,2020-09-13,Ongoing,,4,4.04040404,172.92929293,2020-09-15,2020-09-15
"UCMAS Demo Class 19th September","UCMAS Demo Class, Ghana , W 24-35, Parents + Interests","Testimonial Video Ad","04:00:00 - 04:59:59",2020-09-15,105,105,1,,,16.47,,2020-09-13,Ongoing,,2,1.9047619,156.85714286,2020-09-15,2020-09-15
"UCMAS Demo Class 19th September","UCMAS Demo Class, Ghana , W 24-35, Parents + Interests","Testimonial Video Ad","02:00:00 - 02:59:59",2020-09-15,124,125,1.008064516129,,,18.46,,2020-09-13,Ongoing,,7,5.6,147.68,2020-09-15,2020-09-15
"UCMAS Demo Class 19th September","UCMAS Demo Class, Ghana , W 24-35, Parents + Interests","Testimonial Video Ad","01:00:00 - 01:59:59",2020-09-15,152,153,1.0065789473684,,,28.02,,2020-09-13,Ongoing,,7,4.5751634,183.1372549,2020-09-15,2020-09-15
"UCMAS Demo Class 19th September","UCMAS Demo Class, Ghana , W 24-35, Parents + Interests","Testimonial Video Ad","20:00:00 - 20:59:59",2020-09-15,196,197,1.0051020408163,,,32.93,,2020-09-13,Ongoing,,3,1.52284264,167.15736041,2020-09-15,2020-09-15
"UCMAS Demo Class 19th September","UCMAS Demo Class, Ghana , W 24-35, Parents + Interests","Testimonial Video Ad","17:00:00 - 17:59:59",2020-09-15,220,221,1.0045454545455,,,30.68,,2020-09-13,Ongoing,,4,1.80995475,138.82352941,2020-09-15,2020-09-15
"UCMAS Demo Class 19th September","UCMAS Demo Class, Ghana , W 24-35, Parents + Interests","Testimonial Video Ad","14:00:00 - 14:59:59",2020-09-15,504,507,1.0059523809524,"On-Facebook Leads",1,73.17,73.17,2020-09-13,Ongoing,0.19723865877712,9,1.77514793,144.31952663,2020-09-15,2020-09-15
"UCMAS Demo Class 19th September","UCMAS Demo Class, Ghana , W 24-35, Parents + Interests","Testimonial Video Ad","00:00:00 - 00:59:59",2020-09-15,250,251,1.004,,,42.25,,2020-09-13,Ongoing,,5,1.99203187,168.32669323,2020-09-15,2020-09-15
"UCMAS Demo Class 19th September","UCMAS Demo Class, Ghana , W 24-35, Parents + Interests","Testimonial Video Ad","05:00:00 - 05:59:59",2020-09-15,259,262,1.011583011583,"On-Facebook Leads",2,53.61,26.805,2020-09-13,Ongoing,0.76335877862595,13,4.96183206,204.61832061,2020-09-15,2020-09-15
"UCMAS Demo Class 19th September","UCMAS Demo Class, Ghana , W 24-35, Parents + Interests","Testimonial Video Ad","19:00:00 - 19:59:59",2020-09-15,272,277,1.0183823529412,"On-Facebook Leads",1,35.16,35.16,2020-09-13,Ongoing,0.36101083032491,11,3.97111913,126.93140794,2020-09-15,2020-09-15
"UCMAS Demo Class 19th September","UCMAS Demo Class, Ghana , W 24-35, Parents + Interests","Testimonial Video Ad","23:00:00 - 23:59:59",2020-09-15,403,403,1,"On-Facebook Leads",2,62.12,31.06,2020-09-13,Ongoing,0.49627791563275,11,2.72952854,154.1439206,2020-09-15,2020-09-15
"UCMAS Demo Class 19th September","UCMAS Demo Class, Ghana , W 24-35, Parents + Interests","Testimonial Video Ad","09:00:00 - 09:59:59",2020-09-15,419,419,1,"On-Facebook Leads",3,54.22,18.073333333333,2020-09-13,Ongoing,0.71599045346062,20,4.77326969,129.40334129,2020-09-15,2020-09-15
"UCMAS Demo Class 19th September","UCMAS Demo Class, Ghana , W 24-35, Parents + Interests","Testimonial Video Ad","07:00:00 - 07:59:59",2020-09-15,463,463,1,"On-Facebook Leads",1,68.98,68.98,2020-09-13,Ongoing,0.21598272138229,12,2.59179266,148.98488121,2020-09-15,2020-09-15
"UCMAS Demo Class 19th September","UCMAS Demo Class, Ghana , W 24-35, Parents + Interests","Testimonial Video Ad","18:00:00 - 18:59:59",2020-09-14,39,39,1,,,7.44,,2020-09-13,Ongoing,,1,2.56410256,190.76923077,2020-09-14,2020-09-14
"UCMAS Demo Class 19th September","UCMAS Demo Class, Ghana , W 24-35, Parents + Interests","Testimonial Video Ad","16:00:00 - 16:59:59",2020-09-14,680,680,1,,,109.88,,2020-09-13,Ongoing,,20,2.94117647,161.58823529,2020-09-14,2020-09-14
"UCMAS Demo Class 19th September","UCMAS Demo Class, Ghana , W 24-35, Parents + Interests","Testimonial Video Ad","15:00:00 - 15:59:59",2020-09-14,35,35,1,,,4.52,,2020-09-13,Ongoing,,0,0,129.14285714,2020-09-14,2020-09-14
"UCMAS Demo Class 19th September","UCMAS Demo Class, Ghana , W 24-35, Parents + Interests","Testimonial Video Ad","17:00:00 - 17:59:59",2020-09-14,158,160,1.0126582278481,,,28.01,,2020-09-13,Ongoing,,6,3.75,175.0625,2020-09-14,2020-09-14
